dispute_id,txn_amount,txn_currency,txn_timestamp,dispute_filed_date,cardholder_ip_country,billing_country,device_id_match,previous_txns_from_device,cvv_match,avs_match,customer_txn_history_count,is_first_time_customer,delivery_address_match_billing,customer_disputed_before_count,three_ds_authenticated,refund_issued,is_edge_case,label
FD-01151,11498,INR,2026-06-19T06:36:09,2026-07-27,IN,IN,true,2,true,true,4,false,false,4,true,false,false,won
FD-00206,11733,INR,2026-01-30T10:17:22,2026-02-14,IN,IN,true,1,true,true,0,true,true,1,false,false,false,won
FD-00740,11260,INR,2026-01-30T15:15:04,2026-03-13,IN,IN,false,0,true,true,0,true,true,0,false,false,false,lost
FD-00118,11126,INR,2026-02-12T14:03:59,2026-02-25,IN,IN,false,5,true,false,8,false,true,2,false,false,false,lost
FD-00077,9574,INR,2026-01-12T09:06:59,2026-02-18,IN,IN,true,2,true,false,10,false,true,3,true,false,false,lost
FD-01062,12416,INR,2026-04-08T02:54:29,2026-04-13,IN,IN,true,5,false,true,14,false,true,4,true,false,false,lost
FD-00876,1118,INR,2026-05-18T09:43:09,2026-06-03,IN,IN,false,0,true,true,2,false,true,4,false,true,false,not_contested
FD-00933,6635,INR,2026-02-06T19:36:03,2026-02-11,IN,IN,true,4,false,true,6,false,false,5,true,false,false,lost
FD-00715,526,INR,2026-06-12T14:15:26,2026-07-14,IN,IN,true,3,true,true,2,false,true,5,true,false,false,won
FD-00153,13673,INR,2026-04-27T19:15:29,2026-05-16,IN,IN,false,6,false,true,14,false,true,4,true,false,false,lost
FD-00779,7718,INR,2026-04-03T17:12:31,2026-04-13,AE,IN,false,10,true,false,17,false,true,1,true,false,false,lost
FD-01133,7308,INR,2026-01-31T12:20:18,2026-02-16,IN,IN,true,9,true,true,13,false,false,3,true,false,false,won
FD-00101,5688,INR,2026-04-11T13:53:01,2026-05-08,IN,IN,false,4,false,true,7,false,false,4,true,false,false,lost
FD-00389,4842,INR,2026-03-24T09:48:48,2026-04-20,IN,IN,true,3,false,true,5,false,false,1,false,true,false,not_contested
FD-00529,6796,INR,2026-05-06T07:11:53,2026-05-29,AE,IN,true,8,false,false,15,false,true,4,false,false,false,lost
FD-00897,9669,INR,2026-04-25T17:28:53,2026-05-02,IN,IN,true,4,true,true,9,false,false,0,true,false,false,won
FD-00400,549,INR,2026-03-23T07:53:25,2026-04-07,IN,IN,true,10,true,true,20,false,false,1,true,false,false,lost
FD-00239,4475,INR,2026-01-22T05:14:02,2026-02-25,IN,IN,true,6,true,true,15,false,true,0,true,true,false,not_contested
FD-01155,894,INR,2026-06-30T08:48:33,2026-08-10,SG,SG,true,1,true,true,2,false,true,1,true,false,false,won
FD-01058,5909,INR,2026-03-02T08:47:28,2026-04-12,IN,IN,false,5,false,true,16,false,true,2,false,false,false,won
FD-00430,6159,INR,2026-04-25T14:07:35,2026-05-04,SG,IN,false,3,true,false,5,false,true,3,false,true,false,not_contested
FD-00757,10707,INR,2026-02-24T16:58:41,2026-04-09,IN,IN,false,7,true,true,17,false,true,2,true,false,false,won
FD-00247,1550,INR,2026-01-05T07:56:49,2026-02-05,IN,IN,false,0,false,false,0,true,false,0,true,false,false,lost
FD-01140,12473,INR,2026-02-04T18:15:06,2026-03-16,IN,IN,false,9,true,true,15,false,false,1,false,false,false,lost
FD-00114,12261,INR,2026-05-27T01:18:21,2026-06-24,IN,IN,true,5,true,true,14,false,false,1,true,false,false,won
FD-00727,2642,INR,2026-06-16T23:29:50,2026-06-25,GB,IN,true,3,true,true,9,false,true,4,false,false,false,lost
FD-00038,1243,INR,2026-07-15T03:45:19,2026-08-22,IN,IN,true,4,false,true,7,false,true,5,true,true,false,not_contested
FD-00314,8733,INR,2026-06-04T23:22:22,2026-07-14,IN,IN,true,7,true,false,17,false,true,0,false,false,false,lost
FD-00737,5406,INR,2026-01-12T00:40:48,2026-02-01,IN,IN,true,7,true,false,15,false,false,3,false,false,false,lost
FD-00235,2018,INR,2026-05-07T06:38:13,2026-06-09,IN,IN,true,6,true,true,7,false,true,4,true,false,false,lost
FD-00145,5115,INR,2026-01-14T13:53:08,2026-02-02,IN,IN,false,0,true,true,3,false,false,4,true,false,false,lost
FD-01052,13848,INR,2026-02-18T02:34:55,2026-04-04,AE,AE,true,7,false,true,12,false,false,1,true,false,false,lost
FD-01190,14350,INR,2026-07-14T10:00:00,2026-07-26,IN,IN,false,0,true,true,5,false,true,0,false,false,true,lost
FD-00919,1006,INR,2026-07-15T17:14:22,2026-07-31,IN,IN,true,1,true,true,0,true,false,0,true,false,false,won
FD-01182,5875,INR,2026-07-06T10:00:00,2026-07-18,IN,IN,true,3,true,false,5,false,true,4,true,false,true,lost
FD-00082,5891,INR,2026-05-23T17:21:01,2026-06-18,SG,SG,true,2,true,true,0,true,false,5,false,false,false,lost
FD-00700,13787,INR,2026-05-11T19:27:57,2026-06-07,IN,IN,true,0,false,true,1,false,true,5,false,false,false,lost
FD-00469,2273,INR,2026-03-06T16:00:28,2026-04-01,IN,IN,true,3,true,true,10,false,false,0,true,true,false,not_contested
FD-00013,2524,INR,2026-02-05T19:25:38,2026-03-10,US,US,true,9,true,false,17,false,true,0,false,true,false,not_contested
FD-00274,5488,INR,2026-07-29T13:08:48,2026-08-29,SG,SG,true,4,true,true,18,false,false,2,true,false,false,lost
FD-00697,14666,INR,2026-07-18T20:12:38,2026-08-11,SG,AE,true,0,false,false,0,true,true,2,true,false,false,lost
FD-00263,9476,INR,2026-02-04T21:13:21,2026-03-12,IN,IN,true,6,true,true,10,false,true,1,false,false,false,lost
FD-00940,11369,INR,2026-06-12T13:19:39,2026-07-12,AE,AE,true,0,true,true,0,true,false,1,true,false,false,won
FD-00808,4089,INR,2026-06-24T23:41:02,2026-08-06,IN,IN,true,4,false,true,6,false,true,4,false,false,false,lost
FD-00084,1646,INR,2026-01-12T07:57:16,2026-02-24,IN,IN,false,2,true,true,1,false,true,3,false,true,false,not_contested
FD-00555,6573,INR,2026-05-22T03:23:02,2026-06-26,IN,IN,true,1,true,true,1,false,true,2,true,false,false,won
FD-00961,3731,INR,2026-05-06T05:40:20,2026-06-07,AE,AE,true,2,true,true,6,false,true,3,true,true,false,not_contested
FD-01194,14075,INR,2026-07-18T10:00:00,2026-07-30,IN,IN,true,10,true,true,5,false,true,0,false,false,true,lost
FD-00270,14406,INR,2026-03-18T06:22:44,2026-04-05,IN,IN,true,2,true,true,0,true,true,4,false,false,false,lost
FD-01020,9027,INR,2026-06-02T03:10:12,2026-06-08,AE,IN,true,0,true,true,0,true,true,1,true,false,false,won
FD-01068,5972,INR,2026-05-07T00:51:17,2026-05-31,GB,IN,false,1,true,true,4,false,true,1,false,false,false,lost
FD-00240,7380,INR,2026-05-24T05:32:52,2026-06-26,IN,IN,true,5,true,true,8,false,false,4,true,false,false,won
FD-01023,9432,INR,2026-07-18T18:03:00,2026-08-30,GB,AE,false,5,true,true,13,false,true,4,false,false,false,lost
FD-00686,8362,INR,2026-07-25T20:10:53,2026-08-28,IN,IN,false,1,false,true,7,false,true,5,false,true,false,not_contested
FD-00255,8660,INR,2026-01-21T08:17:31,2026-02-04,US,US,false,10,true,true,20,false,false,0,false,false,false,lost
FD-00621,8540,INR,2026-03-13T00:39:53,2026-04-08,SG,SG,false,9,true,false,16,false,false,3,true,false,false,won
FD-00227,11458,INR,2026-07-14T05:57:49,2026-08-13,AE,AE,true,1,true,true,3,false,false,4,true,false,false,lost
FD-00943,11336,INR,2026-01-09T11:42:57,2026-02-01,SG,SG,true,10,true,true,18,false,true,5,true,false,false,won
FD-00477,13562,INR,2026-06-18T13:47:29,2026-07-10,IN,IN,true,0,true,true,0,true,false,4,false,false,false,lost
FD-00208,13615,INR,2026-03-30T06:12:08,2026-04-04,IN,IN,true,8,true,false,15,false,true,3,true,false,false,lost
FD-00755,10130,INR,2026-05-23T00:40:38,2026-06-01,IN,IN,true,2,true,true,3,false,true,4,false,false,false,lost
FD-00296,4980,INR,2026-03-05T06:55:57,2026-04-10,IN,IN,false,1,true,true,0,true,true,5,true,true,false,not_contested
FD-01106,13680,INR,2026-07-24T16:25:36,2026-08-27,IN,IN,true,3,false,true,3,false,true,4,true,false,false,lost
FD-00245,14585,INR,2026-06-05T11:05:41,2026-07-01,IN,IN,true,9,true,true,15,false,true,4,true,true,false,not_contested
FD-01085,2826,INR,2026-04-07T00:38:48,2026-05-04,IN,IN,false,5,false,true,5,false,true,0,true,false,false,lost
FD-01015,2078,INR,2026-01-06T18:07:04,2026-01-23,IN,IN,true,8,true,false,15,false,false,3,false,false,false,lost
FD-00440,13286,INR,2026-04-19T23:27:06,2026-05-03,US,US,true,1,true,true,1,false,false,4,true,false,false,won
FD-00091,4808,INR,2026-06-27T05:56:13,2026-08-05,IN,IN,false,8,false,true,11,false,false,3,false,false,false,lost
FD-00975,7957,INR,2026-07-02T08:06:35,2026-07-05,IN,IN,false,1,false,true,0,true,true,0,true,false,false,lost
FD-00003,1812,INR,2026-07-02T16:54:20,2026-07-08,IN,IN,true,3,true,true,7,false,true,3,false,false,false,lost
FD-00062,3060,INR,2026-01-27T03:39:33,2026-02-21,IN,IN,true,0,false,true,1,false,true,3,true,true,false,not_contested
FD-01093,13254,INR,2026-01-27T01:58:05,2026-03-08,IN,IN,true,1,true,true,0,true,true,0,false,false,false,lost
FD-00360,8539,INR,2026-07-07T18:38:56,2026-08-21,IN,IN,true,0,true,true,3,false,true,2,false,false,false,lost
FD-00205,13260,INR,2026-01-25T03:16:10,2026-02-28,GB,GB,true,4,true,true,7,false,false,0,false,false,false,lost
FD-00848,9828,INR,2026-04-30T01:00:25,2026-06-12,IN,IN,true,5,true,true,10,false,true,5,false,false,false,lost
FD-00519,11845,INR,2026-04-09T18:12:28,2026-05-02,US,US,true,2,true,true,6,false,true,3,false,false,false,lost
FD-00979,8008,INR,2026-02-17T11:22:08,2026-02-25,IN,IN,true,2,true,true,0,true,false,3,false,true,false,not_contested
FD-00110,9328,INR,2026-01-01T17:14:45,2026-01-08,IN,IN,false,4,true,true,8,false,false,2,false,false,false,lost
FD-00347,10765,INR,2026-05-25T23:33:55,2026-07-09,IN,IN,true,3,true,true,12,false,true,5,false,false,false,lost
FD-00770,4451,INR,2026-05-04T05:14:18,2026-05-25,US,US,true,10,true,true,18,false,true,0,true,true,false,not_contested
FD-00448,11057,INR,2026-02-23T05:03:20,2026-03-15,IN,IN,true,10,false,false,15,false,true,3,true,false,false,lost
FD-01057,10292,INR,2026-03-26T19:32:51,2026-04-22,IN,IN,false,0,true,true,0,true,false,0,false,false,false,lost
FD-00026,5713,INR,2026-04-27T16:20:47,2026-06-09,SG,SG,true,0,true,false,2,false,true,5,true,false,false,lost
FD-00658,5947,INR,2026-02-12T04:18:07,2026-03-05,IN,IN,true,1,true,true,0,true,false,0,true,false,false,won
FD-00577,8697,INR,2026-04-25T02:49:04,2026-04-28,IN,IN,true,3,false,false,7,false,true,5,true,false,false,lost
FD-00781,2904,INR,2026-01-04T22:52:03,2026-01-22,IN,IN,true,0,true,true,0,true,true,0,true,true,false,not_contested
FD-00393,7811,INR,2026-01-09T09:54:13,2026-01-18,IN,IN,false,0,true,false,0,true,false,4,false,false,false,lost
FD-00140,10423,INR,2026-03-28T18:30:51,2026-04-16,SG,SG,true,2,true,true,5,false,true,1,false,true,false,not_contested
FD-00131,14357,INR,2026-07-10T15:51:03,2026-08-02,AE,IN,false,0,true,false,0,true,false,4,true,false,false,lost
FD-00470,8398,INR,2026-03-28T05:40:21,2026-05-05,US,US,true,4,false,false,7,false,true,3,true,false,false,lost
FD-00169,6868,INR,2026-03-17T06:55:35,2026-03-31,IN,IN,false,8,true,true,14,false,true,0,true,false,false,won
FD-00293,8501,INR,2026-03-15T22:29:32,2026-04-05,IN,IN,true,2,true,true,0,true,true,3,true,false,false,won
FD-01109,14823,INR,2026-02-09T07:23:25,2026-03-09,IN,IN,false,8,false,false,11,false,true,1,true,false,false,lost
FD-00634,6905,INR,2026-04-12T19:27:20,2026-04-22,IN,IN,true,7,true,true,15,false,true,4,true,false,false,won
FD-00647,997,INR,2026-07-04T04:01:52,2026-07-11,IN,IN,false,7,false,false,8,false,false,3,true,false,false,lost
FD-00939,10631,INR,2026-07-13T04:15:08,2026-07-19,IN,IN,true,5,true,true,12,false,true,3,true,false,false,won
FD-00414,3357,INR,2026-02-13T20:25:33,2026-02-17,IN,IN,true,5,true,true,8,false,true,5,true,false,false,won
FD-00751,8375,INR,2026-01-25T15:22:48,2026-02-04,IN,IN,true,8,false,true,15,false,true,3,false,false,false,lost
FD-00532,8473,INR,2026-01-04T19:31:48,2026-01-22,US,IN,false,5,false,true,6,false,true,4,true,false,false,lost
FD-00644,9303,INR,2026-06-08T14:04:42,2026-07-02,US,IN,true,5,true,true,16,false,false,0,false,false,false,lost
FD-01163,3380,INR,2026-05-14T10:35:29,2026-05-19,GB,SG,true,2,true,false,0,true,true,3,true,false,false,lost
FD-00782,11728,INR,2026-05-23T12:59:38,2026-06-08,IN,IN,true,2,true,true,0,true,false,2,true,true,false,not_contested
FD-00273,13724,INR,2026-05-09T05:40:39,2026-06-20,AE,AE,false,3,true,true,13,false,false,5,false,false,false,lost
FD-00399,2950,INR,2026-03-26T18:10:24,2026-04-05,SG,IN,true,3,true,false,5,false,true,5,true,true,false,not_contested
FD-00706,12385,INR,2026-03-01T12:35:17,2026-03-15,GB,GB,true,5,true,true,9,false,true,2,false,false,false,lost
FD-00908,2596,INR,2026-03-20T12:14:43,2026-04-06,IN,IN,true,1,true,false,0,true,true,2,true,false,false,won
FD-00422,8244,INR,2026-03-31T16:37:00,2026-05-14,AE,GB,true,6,true,true,7,false,true,2,false,false,false,lost
FD-00072,7479,INR,2026-02-16T01:58:14,2026-02-22,AE,IN,true,5,false,true,12,false,true,2,true,false,false,lost
FD-00745,4955,INR,2026-07-06T15:46:16,2026-08-18,IN,IN,true,9,false,true,20,false,true,2,false,false,false,lost
FD-00280,8102,INR,2026-01-28T05:14:09,2026-02-05,AE,AE,true,10,true,false,18,false,true,1,false,false,false,lost
FD-00424,7784,INR,2026-06-09T05:38:45,2026-06-13,IN,IN,false,0,false,true,0,true,false,1,true,false,false,won
FD-00798,6732,INR,2026-05-16T01:59:43,2026-06-15,IN,IN,true,9,true,true,14,false,true,3,false,false,false,lost
FD-00333,10421,INR,2026-02-15T17:05:25,2026-02-25,US,US,false,10,true,true,17,false,true,0,true,false,false,won
FD-00660,5039,INR,2026-03-14T03:43:02,2026-03-17,SG,SG,false,9,true,true,20,false,false,1,true,false,false,won
FD-01158,7134,INR,2026-04-29T17:45:06,2026-06-02,IN,IN,false,0,true,true,0,true,false,2,true,false,false,won
FD-00704,8577,INR,2026-07-25T17:04:16,2026-08-19,SG,SG,true,1,true,true,0,true,true,5,true,false,false,won
FD-00950,12651,INR,2026-07-18T16:18:18,2026-08-03,IN,IN,true,4,true,false,5,false,true,5,true,false,false,lost
FD-00152,10201,INR,2026-01-25T05:56:32,2026-03-02,IN,IN,true,3,false,false,7,false,true,2,false,false,false,lost
FD-01072,9272,INR,2026-06-21T22:12:17,2026-07-02,SG,IN,true,2,true,false,1,false,false,4,true,false,false,lost
FD-00993,4737,INR,2026-04-21T13:28:35,2026-04-29,IN,IN,true,0,true,true,0,true,false,3,true,false,false,won
FD-00059,13502,INR,2026-02-15T04:42:59,2026-02-21,IN,IN,true,9,true,true,15,false,true,4,false,false,false,lost
FD-00268,4054,INR,2026-01-13T21:06:04,2026-01-26,IN,IN,true,2,true,true,5,false,true,4,false,false,false,lost
FD-00406,8505,INR,2026-07-13T15:34:52,2026-07-21,IN,IN,true,1,true,true,1,false,false,4,false,false,false,lost
FD-00028,2151,INR,2026-01-10T06:00:20,2026-01-22,IN,IN,true,1,true,true,1,false,true,2,true,false,false,won
FD-00809,6715,INR,2026-05-05T10:16:22,2026-06-01,GB,IN,true,3,true,true,5,false,true,3,false,false,false,lost
FD-00488,9700,INR,2026-05-15T09:02:58,2026-06-16,IN,IN,true,2,false,false,2,false,false,1,false,true,false,not_contested
FD-01186,6575,INR,2026-07-10T10:00:00,2026-07-22,IN,IN,true,3,true,true,5,false,false,5,true,false,true,lost
FD-01049,13345,INR,2026-06-04T16:01:28,2026-06-21,IN,IN,false,1,true,true,0,true,false,1,true,false,false,won
FD-00581,8342,INR,2026-01-16T05:17:33,2026-02-13,IN,IN,true,0,true,true,0,true,false,0,false,false,false,lost
FD-00113,8178,INR,2026-01-24T05:13:26,2026-02-15,AE,AE,true,1,false,true,1,false,false,5,false,false,false,lost
FD-00291,2078,INR,2026-05-05T01:25:18,2026-06-06,IN,IN,true,0,true,true,0,true,true,5,false,false,false,lost
FD-00069,10719,INR,2026-03-13T18:49:55,2026-04-14,SG,IN,false,5,true,false,5,false,true,2,true,false,false,lost
FD-00312,4545,INR,2026-05-18T02:40:11,2026-06-01,IN,IN,true,1,true,false,0,true,true,4,false,false,false,lost
FD-00081,11566,INR,2026-02-22T23:11:29,2026-03-29,IN,IN,true,10,true,true,14,false,true,0,true,false,false,won
FD-00356,1311,INR,2026-01-18T05:36:16,2026-02-21,AE,IN,false,0,false,true,0,true,true,1,true,true,false,not_contested
FD-00761,5030,INR,2026-01-13T11:26:38,2026-01-29,IN,IN,true,10,true,true,16,false,true,2,false,false,false,lost
FD-00413,8012,INR,2026-04-05T17:51:26,2026-05-08,IN,IN,true,9,true,true,17,false,true,1,true,false,false,won
FD-00900,13288,INR,2026-04-08T01:47:40,2026-04-25,IN,IN,true,1,true,true,0,true,false,0,false,false,false,lost
FD-00275,6413,INR,2026-01-31T12:14:26,2026-02-20,AE,AE,true,10,false,false,20,false,true,2,true,false,false,lost
FD-01184,6225,INR,2026-07-08T10:00:00,2026-07-20,IN,IN,true,8,true,true,12,false,true,4,true,false,true,won
FD-01075,6398,INR,2026-04-07T00:24:17,2026-05-01,GB,IN,true,2,true,false,4,false,false,0,true,false,false,lost
FD-00358,4434,INR,2026-05-07T20:40:01,2026-05-13,AE,AE,true,1,true,true,0,true,true,0,true,false,false,won
FD-00052,2923,INR,2026-04-25T06:14:06,2026-05-25,IN,IN,true,0,true,true,0,true,false,5,false,true,false,not_contested
FD-00778,1856,INR,2026-04-27T03:50:25,2026-05-08,IN,IN,true,4,true,true,20,false,true,4,false,false,false,lost
FD-00057,5405,INR,2026-05-15T04:20:04,2026-06-29,AE,IN,true,7,true,true,11,false,false,0,false,false,false,lost
FD-00942,12304,INR,2026-07-03T01:42:12,2026-07-11,IN,IN,true,0,true,true,0,true,false,2,false,false,false,lost
FD-00212,9121,INR,2026-04-19T13:28:22,2026-05-07,IN,IN,true,3,true,true,6,false,true,4,true,false,false,won
FD-00182,10122,INR,2026-06-05T14:33:13,2026-06-13,IN,IN,false,2,false,true,3,false,false,4,false,false,false,lost
FD-00223,5360,INR,2026-06-27T14:13:29,2026-07-31,GB,IN,true,3,true,true,8,false,true,1,false,false,false,lost
FD-00073,5572,INR,2026-05-08T17:18:03,2026-06-19,IN,IN,true,6,true,false,18,false,false,4,true,true,false,not_contested
FD-00563,10224,INR,2026-05-07T18:42:55,2026-06-03,IN,IN,true,2,true,false,0,true,false,0,true,false,false,lost
FD-00785,6917,INR,2026-03-11T03:58:54,2026-04-21,US,IN,true,9,true,false,17,false,true,5,false,false,false,lost
FD-00625,6882,INR,2026-01-07T02:53:46,2026-02-09,AE,AE,true,1,true,true,0,true,false,5,true,false,false,won
FD-00156,4431,INR,2026-02-21T21:27:41,2026-02-25,IN,IN,false,0,true,true,6,false,true,5,false,false,false,lost
FD-00036,2065,INR,2026-03-29T12:59:47,2026-04-09,SG,SG,true,4,false,false,18,false,true,3,false,true,false,not_contested
FD-00684,9295,INR,2026-02-21T01:38:39,2026-03-15,AE,AE,true,8,true,true,18,false,true,3,true,false,false,won
FD-00739,10329,INR,2026-05-12T21:45:54,2026-05-24,IN,IN,true,10,true,false,20,false,true,1,true,true,false,not_contested
FD-00155,8407,INR,2026-07-23T09:08:42,2026-07-26,IN,IN,true,7,true,false,13,false,true,0,true,false,false,lost
FD-01146,10699,INR,2026-05-26T15:00:04,2026-06-09,IN,IN,true,7,false,false,10,false,true,4,false,false,false,lost
FD-00945,14942,INR,2026-04-19T17:38:17,2026-04-26,IN,IN,false,1,false,false,2,false,true,2,false,false,false,lost
FD-01160,5951,INR,2026-06-07T19:38:22,2026-07-21,US,IN,false,2,true,true,0,true,true,0,false,false,false,lost
FD-00066,4210,INR,2026-03-09T14:24:34,2026-04-01,IN,IN,true,1,false,true,1,false,false,2,false,false,false,lost
FD-00480,5249,INR,2026-07-02T16:13:33,2026-08-14,SG,IN,false,2,true,false,0,true,true,3,true,false,false,lost
FD-01000,1499,INR,2026-06-16T04:22:38,2026-07-03,IN,IN,false,2,true,true,0,true,true,0,true,false,false,won
FD-00401,11958,INR,2026-04-02T17:15:00,2026-04-21,AE,IN,true,6,false,false,12,false,true,4,false,false,false,lost
FD-00866,5007,INR,2026-06-05T22:16:47,2026-06-22,SG,SG,true,4,true,true,8,false,false,3,false,false,false,lost
FD-00542,14592,INR,2026-02-13T20:43:25,2026-03-03,GB,GB,false,3,true,true,14,false,true,0,true,false,false,won
FD-00752,5242,INR,2026-07-17T10:30:33,2026-08-19,IN,IN,true,7,false,false,16,false,true,3,true,false,false,lost
FD-00259,13451,INR,2026-05-15T00:14:04,2026-06-07,IN,IN,true,4,true,true,12,false,true,1,true,false,false,won
FD-00285,8677,INR,2026-07-12T18:29:26,2026-08-17,SG,IN,false,0,true,true,0,true,true,1,true,false,false,won
FD-00607,1664,INR,2026-03-08T17:15:46,2026-03-29,AE,IN,true,2,true,false,0,true,false,1,false,false,false,lost
FD-00533,10028,INR,2026-06-17T10:25:05,2026-07-05,IN,SG,true,1,true,true,5,false,true,5,true,false,false,won
FD-00747,2069,INR,2026-06-27T10:44:38,2026-08-11,IN,IN,true,1,true,true,2,false,true,1,true,false,false,won
FD-00604,3428,INR,2026-05-02T18:54:28,2026-06-03,IN,IN,false,10,true,true,20,false,true,3,true,false,false,won
FD-01112,1464,INR,2026-04-30T02:37:34,2026-05-13,IN,IN,true,10,false,true,20,false,true,3,true,true,false,not_contested
FD-00957,7720,INR,2026-06-26T23:50:55,2026-07-27,IN,IN,true,0,true,true,0,true,true,5,false,false,false,lost
FD-00970,14526,INR,2026-03-06T04:20:29,2026-03-25,IN,IN,false,7,true,true,19,false,true,3,false,false,false,won
FD-00452,5872,INR,2026-05-02T04:00:41,2026-05-30,IN,IN,true,5,false,false,12,false,true,0,true,false,false,lost
FD-00545,5263,INR,2026-06-25T07:20:02,2026-07-15,IN,IN,true,5,true,true,13,false,true,5,false,false,false,lost
FD-01031,8192,INR,2026-01-07T10:09:17,2026-01-29,IN,IN,true,1,false,true,6,false,true,1,true,false,false,lost
FD-00392,7080,INR,2026-05-09T12:11:40,2026-05-20,IN,IN,true,4,false,true,8,false,true,0,true,false,false,lost
FD-01136,6046,INR,2026-01-01T08:15:39,2026-01-13,IN,IN,true,10,true,true,17,false,true,2,true,false,false,won
FD-00471,10979,INR,2026-05-13T20:28:03,2026-06-13,IN,IN,false,0,true,false,1,false,true,4,true,false,false,lost
FD-00254,11384,INR,2026-01-07T01:35:44,2026-01-16,SG,IN,true,2,true,false,2,false,true,5,true,false,false,lost
FD-00353,3732,INR,2026-03-23T10:17:28,2026-04-05,SG,SG,false,0,true,true,0,true,true,4,false,false,false,lost
FD-00996,9672,INR,2026-05-02T01:06:23,2026-05-10,IN,IN,true,4,true,true,6,false,true,4,false,false,false,lost
FD-00527,4961,INR,2026-03-29T08:13:30,2026-05-01,IN,IN,true,2,true,false,9,false,true,4,true,false,false,lost
FD-01137,8610,INR,2026-03-02T16:19:10,2026-03-17,IN,IN,true,2,true,false,0,true,true,5,false,false,false,lost
FD-00937,11365,INR,2026-03-07T06:39:22,2026-03-31,IN,IN,true,2,true,false,3,false,false,0,false,false,false,lost
FD-00863,7686,INR,2026-05-11T13:23:23,2026-06-15,IN,IN,true,6,true,true,13,false,true,1,false,false,false,lost
FD-01017,4460,INR,2026-07-29T15:38:54,2026-08-14,GB,IN,true,4,true,false,10,false,false,1,true,false,false,lost
FD-00914,12954,INR,2026-07-28T23:12:07,2026-08-05,SG,SG,true,1,false,true,0,true,true,1,false,false,false,lost
FD-00048,12774,INR,2026-01-27T08:33:21,2026-03-06,IN,IN,true,6,true,false,7,false,true,1,true,false,false,lost
FD-01095,6132,INR,2026-01-06T21:43:11,2026-01-10,IN,IN,true,3,false,false,5,false,true,0,true,false,false,lost
FD-00571,6395,INR,2026-04-13T19:57:45,2026-04-25,AE,AE,true,5,true,true,8,false,true,1,false,false,false,lost
FD-00061,2919,INR,2026-04-30T14:13:36,2026-06-03,SG,US,true,8,true,false,19,false,true,1,false,false,false,lost
FD-00652,5520,INR,2026-02-27T08:13:37,2026-03-22,US,US,false,0,true,true,2,false,true,2,true,false,false,won
FD-00178,10223,INR,2026-06-12T14:28:12,2026-07-26,IN,IN,true,0,true,true,0,true,true,4,true,false,false,won
FD-01009,11539,INR,2026-03-21T06:19:50,2026-04-27,IN,IN,true,0,true,true,0,true,false,4,true,false,false,won
FD-00112,4912,INR,2026-02-20T07:53:18,2026-03-05,US,IN,false,2,true,true,2,false,true,2,false,true,false,not_contested
FD-00242,9681,INR,2026-02-02T15:35:55,2026-02-13,IN,IN,true,6,true,true,12,false,true,3,true,true,false,not_contested
FD-00031,5504,INR,2026-01-22T08:59:47,2026-02-27,IN,IN,true,10,true,true,16,false,true,2,true,false,false,won
FD-00969,13387,INR,2026-06-01T09:05:43,2026-06-24,IN,IN,true,2,true,true,0,true,true,3,false,false,false,lost
FD-01192,14500,INR,2026-07-16T10:00:00,2026-07-28,IN,IN,true,3,true,true,5,false,false,0,true,false,true,won
FD-00667,13524,INR,2026-01-28T22:11:23,2026-02-02,US,US,false,6,true,true,11,false,false,2,true,false,false,won
FD-00517,5288,INR,2026-05-08T04:56:06,2026-05-18,IN,IN,true,2,true,true,6,false,true,2,false,false,false,lost
FD-01128,10412,INR,2026-01-26T22:08:37,2026-03-07,AE,IN,true,2,true,true,0,true,false,3,true,false,false,won
FD-00266,5478,INR,2026-07-21T11:43:08,2026-07-28,IN,IN,false,3,true,true,14,false,true,1,true,false,false,lost
FD-00047,4633,INR,2026-05-07T05:26:10,2026-06-10,US,US,true,0,true,true,3,false,true,1,true,true,false,not_contested
FD-00286,9103,INR,2026-06-21T17:42:10,2026-06-27,IN,IN,true,2,true,true,4,false,true,4,true,false,false,won
FD-00999,6580,INR,2026-03-12T08:05:47,2026-03-31,SG,SG,true,1,false,true,2,false,true,3,true,false,false,lost
FD-00350,2031,INR,2026-07-07T20:34:46,2026-07-14,IN,IN,true,0,false,true,0,true,true,3,true,true,false,not_contested
FD-00685,2827,INR,2026-05-30T16:10:57,2026-07-09,GB,GB,false,3,false,true,3,false,true,1,true,true,false,not_contested
FD-01116,7675,INR,2026-01-18T23:50:04,2026-02-01,IN,IN,true,6,false,false,15,false,true,2,false,false,false,lost
FD-00035,12433,INR,2026-01-28T19:01:18,2026-02-27,AE,IN,true,8,true,true,14,false,true,1,true,false,false,lost
FD-01171,6926,INR,2026-06-17T02:53:15,2026-06-20,IN,IN,true,3,true,false,13,false,true,3,true,false,false,lost
FD-00931,8393,INR,2026-01-21T13:16:09,2026-02-06,IN,IN,true,3,true,true,2,false,true,2,false,false,false,lost
FD-00884,14392,INR,2026-02-19T19:30:31,2026-02-22,IN,IN,true,2,true,true,0,true,true,0,false,false,false,lost
FD-00952,4095,INR,2026-03-27T16:40:54,2026-05-06,IN,IN,true,9,true,true,18,false,true,0,false,false,false,lost
FD-00315,7692,INR,2026-01-22T10:32:54,2026-02-21,IN,IN,true,1,true,true,1,false,true,0,true,false,false,lost
FD-00915,6390,INR,2026-06-18T17:13:21,2026-07-31,IN,IN,true,8,true,true,17,false,false,2,true,false,false,won
FD-00636,3991,INR,2026-01-19T21:26:03,2026-02-12,SG,SG,true,2,true,true,5,false,false,5,true,false,false,won
FD-00236,4499,INR,2026-02-18T08:33:25,2026-03-12,IN,IN,false,0,true,true,0,true,true,0,false,false,false,lost
FD-00249,7297,INR,2026-03-26T07:19:26,2026-05-08,IN,IN,false,4,false,true,11,false,false,2,true,false,false,lost
FD-01039,12198,INR,2026-03-12T14:39:44,2026-04-18,US,IN,true,2,true,true,2,false,true,3,false,false,false,lost
FD-00857,14363,INR,2026-06-13T09:35:39,2026-06-22,GB,GB,true,7,true,true,20,false,false,4,true,false,false,won
FD-00298,13321,INR,2026-07-15T09:53:39,2026-07-25,GB,IN,true,4,true,true,12,false,true,1,true,false,false,won
FD-00381,14811,INR,2026-05-17T22:05:33,2026-07-01,US,IN,false,5,true,true,10,false,true,1,true,false,false,won
FD-01005,4342,INR,2026-01-18T06:03:29,2026-02-22,AE,AE,false,8,true,true,18,false,false,2,false,true,false,not_contested
FD-00679,11225,INR,2026-03-20T10:38:23,2026-04-06,IN,IN,true,6,true,true,14,false,true,2,true,false,false,lost
FD-00284,9519,INR,2026-06-12T08:22:02,2026-07-13,IN,IN,false,7,true,true,17,false,true,5,true,false,false,won
FD-00278,7242,INR,2026-04-12T05:19:48,2026-04-21,IN,IN,true,0,true,true,1,false,true,3,false,false,false,lost
FD-00570,8483,INR,2026-01-22T09:28:20,2026-02-11,IN,IN,false,5,false,false,9,false,true,5,false,false,false,lost
FD-00548,2536,INR,2026-03-05T05:25:04,2026-04-16,IN,AE,true,1,true,true,5,false,true,1,true,true,false,not_contested
FD-00420,10852,INR,2026-04-22T06:17:52,2026-05-28,IN,IN,false,0,false,true,0,true,true,0,false,false,false,lost
FD-01181,14850,INR,2026-07-05T10:00:00,2026-07-17,IN,IN,true,3,false,false,5,false,true,0,true,false,true,lost
FD-00054,11002,INR,2026-06-10T10:30:17,2026-07-02,IN,IN,true,9,true,true,17,false,false,4,true,false,false,won
FD-00506,2430,INR,2026-05-19T06:03:38,2026-06-09,IN,IN,true,1,true,false,1,false,true,3,false,true,false,not_contested
FD-01008,11805,INR,2026-05-29T02:07:14,2026-07-04,SG,IN,true,2,false,false,1,false,false,0,false,false,false,lost
FD-00215,9150,INR,2026-04-04T00:29:29,2026-04-18,GB,GB,true,8,true,true,20,false,true,5,true,false,false,won
FD-01091,8723,INR,2026-07-08T15:20:08,2026-08-08,IN,IN,true,0,true,true,0,true,true,0,true,false,false,won
FD-00431,1700,INR,2026-01-10T18:16:34,2026-02-09,IN,IN,false,2,true,true,0,true,true,3,true,false,false,won
FD-00175,1680,INR,2026-06-01T05:00:36,2026-07-14,US,SG,true,4,false,true,19,false,true,0,false,false,false,lost
FD-01013,13182,INR,2026-04-11T21:07:32,2026-05-11,IN,IN,true,3,true,true,6,false,true,5,false,false,false,lost
FD-00554,6400,INR,2026-06-05T22:19:39,2026-07-01,US,IN,false,4,true,true,9,false,true,2,false,false,false,lost
FD-00147,636,INR,2026-07-04T13:07:45,2026-08-01,IN,IN,true,0,true,true,0,true,true,5,false,false,false,lost
FD-00164,7665,INR,2026-04-13T13:25:20,2026-05-07,GB,GB,false,1,true,true,0,true,true,5,false,false,false,lost
FD-00903,2080,INR,2026-01-30T09:18:57,2026-02-15,GB,IN,true,0,true,false,0,true,true,0,true,false,false,lost
FD-01154,8204,INR,2026-07-02T19:28:01,2026-07-14,IN,IN,true,0,true,false,3,false,false,5,false,false,false,lost
FD-00404,10235,INR,2026-03-31T14:56:19,2026-05-14,SG,SG,true,4,true,true,7,false,true,5,false,false,false,lost
FD-00948,1679,INR,2026-03-28T01:22:33,2026-04-23,IN,IN,true,0,true,true,5,false,true,0,true,false,false,won
FD-00170,11269,INR,2026-01-02T14:39:30,2026-02-11,IN,IN,true,7,true,true,13,false,true,0,true,false,false,lost
FD-01016,14694,INR,2026-05-20T11:14:12,2026-05-28,IN,IN,true,1,true,true,9,false,false,5,true,false,false,won
FD-00662,1488,INR,2026-04-19T08:27:50,2026-05-16,IN,IN,true,4,true,true,10,false,true,3,false,true,false,not_contested
FD-00277,1243,INR,2026-05-20T17:51:26,2026-06-12,IN,IN,true,2,false,true,12,false,true,1,true,true,false,not_contested
FD-00142,10562,INR,2026-07-06T06:04:14,2026-08-07,US,US,true,4,true,true,9,false,true,0,true,false,false,won
FD-00500,13884,INR,2026-01-20T01:18:21,2026-01-26,IN,IN,true,3,true,false,2,false,true,5,true,true,false,not_contested
FD-00688,2475,INR,2026-07-24T20:46:54,2026-07-27,IN,IN,false,3,false,true,6,false,false,1,true,false,false,lost
FD-00665,13553,INR,2026-07-21T03:41:54,2026-08-09,IN,IN,true,8,true,false,16,false,true,5,true,false,false,lost
FD-01150,11292,INR,2026-06-26T13:02:44,2026-07-02,IN,IN,true,7,true,true,20,false,true,4,false,false,false,lost
FD-00589,2665,INR,2026-07-16T03:39:55,2026-08-06,US,IN,true,3,true,true,5,false,false,5,false,true,false,not_contested
FD-00614,10388,INR,2026-05-22T20:22:13,2026-05-26,AE,AE,true,6,true,false,20,false,true,4,true,false,false,lost
FD-00591,2918,INR,2026-01-03T01:38:42,2026-02-16,IN,IN,false,3,true,true,10,false,true,4,true,true,false,not_contested
FD-00574,13634,INR,2026-06-27T14:55:41,2026-07-06,SG,AE,true,9,true,true,16,false,false,0,true,false,false,won
FD-01064,11982,INR,2026-03-29T16:33:34,2026-04-03,GB,IN,true,1,true,true,0,true,false,0,true,false,false,lost
FD-00177,4181,INR,2026-05-01T10:28:26,2026-05-04,IN,IN,true,2,true,true,7,false,true,5,true,true,false,not_contested
FD-00331,13500,INR,2026-04-12T17:51:50,2026-05-15,AE,IN,true,5,true,false,9,false,false,1,false,false,false,lost
FD-00938,13967,INR,2026-07-01T02:22:45,2026-08-04,US,AE,true,2,false,true,0,true,true,2,true,false,false,lost
FD-00831,2609,INR,2026-06-07T13:18:31,2026-07-01,IN,IN,false,0,true,true,4,false,true,3,false,true,false,not_contested
FD-00675,14606,INR,2026-07-26T04:03:01,2026-08-13,GB,IN,true,2,true,false,1,false,false,3,false,false,false,lost
FD-00439,8387,INR,2026-06-02T08:15:37,2026-07-03,IN,IN,true,1,false,false,0,true,true,3,false,false,false,lost
FD-00678,5623,INR,2026-01-09T14:58:55,2026-01-30,IN,IN,true,9,false,true,15,false,false,1,false,true,false,not_contested
FD-00553,10619,INR,2026-05-25T12:43:44,2026-06-23,US,US,true,0,false,false,0,true,true,5,true,true,false,not_contested
FD-00176,767,INR,2026-03-11T12:06:05,2026-03-29,IN,IN,false,9,false,true,17,false,true,2,true,true,false,not_contested
FD-00992,12449,INR,2026-02-20T04:37:30,2026-04-01,IN,IN,false,10,true,true,16,false,true,5,false,false,false,lost
FD-00758,4775,INR,2026-03-08T07:10:39,2026-03-26,SG,SG,true,9,true,false,14,false,false,3,true,true,false,not_contested
FD-01027,9915,INR,2026-02-05T14:40:20,2026-03-08,AE,AE,true,6,true,true,9,false,true,2,true,true,false,not_contested
FD-00447,3687,INR,2026-06-30T19:50:04,2026-08-07,IN,IN,true,0,true,true,2,false,true,3,true,false,false,won
FD-00701,10528,INR,2026-02-19T23:03:38,2026-04-03,IN,IN,true,7,true,true,17,false,true,3,false,false,false,lost
FD-00096,13807,INR,2026-01-10T02:03:41,2026-02-12,IN,IN,true,1,true,true,0,true,true,2,false,true,false,not_contested
FD-00713,12179,INR,2026-04-18T14:21:28,2026-05-03,IN,IN,true,1,true,true,0,true,true,0,true,false,false,won
FD-00271,10858,INR,2026-02-18T12:14:14,2026-03-22,IN,IN,true,9,true,true,12,false,true,2,true,false,false,won
FD-00513,14020,INR,2026-06-25T22:19:09,2026-07-11,IN,IN,true,0,true,true,2,false,false,4,true,false,false,won
FD-00300,11482,INR,2026-06-13T17:46:22,2026-06-25,AE,AE,true,5,false,true,16,false,false,2,false,false,false,lost
FD-00619,2976,INR,2026-04-13T18:29:22,2026-05-16,IN,IN,false,0,false,false,0,true,true,3,true,true,false,not_contested
FD-00165,12386,INR,2026-03-26T06:33:11,2026-04-01,IN,IN,false,10,true,true,15,false,false,2,true,false,false,won
FD-00320,13310,INR,2026-03-08T16:27:43,2026-03-15,IN,IN,true,10,true,true,20,false,true,4,true,false,false,won
FD-01131,3442,INR,2026-04-19T01:09:56,2026-05-26,IN,IN,true,1,true,true,3,false,false,5,false,false,false,lost
FD-00427,14858,INR,2026-05-16T10:06:44,2026-06-05,IN,IN,true,3,false,true,4,false,true,3,true,false,false,lost
FD-00044,13586,INR,2026-02-21T02:58:59,2026-04-07,GB,AE,true,7,true,true,14,false,true,1,false,false,false,lost
FD-00348,5831,INR,2026-04-17T12:55:57,2026-05-12,AE,AE,false,1,false,true,0,true,true,0,true,false,false,lost
FD-01126,9193,INR,2026-05-15T05:48:44,2026-05-20,GB,IN,true,10,false,true,17,false,true,0,true,false,false,lost
FD-00642,4465,INR,2026-05-24T04:54:07,2026-06-01,IN,IN,true,2,true,false,4,false,true,0,false,false,false,lost
FD-00382,5660,INR,2026-07-11T08:30:48,2026-07-25,IN,IN,true,3,true,true,6,false,true,1,false,false,false,won
FD-01103,11974,INR,2026-02-14T11:58:05,2026-02-28,IN,IN,true,0,true,true,0,true,true,1,false,false,false,lost
FD-00552,7818,INR,2026-05-12T18:56:49,2026-06-11,IN,IN,false,4,true,true,20,false,true,2,false,false,false,lost
FD-01074,14110,INR,2026-01-30T02:41:27,2026-03-01,IN,IN,false,1,true,true,0,true,true,4,false,false,false,lost
FD-01060,7353,INR,2026-01-12T01:47:27,2026-01-24,IN,IN,true,6,false,true,12,false,true,1,false,false,false,lost
FD-00514,13935,INR,2026-01-22T23:16:42,2026-01-29,AE,US,true,4,true,true,19,false,true,1,true,false,false,won
FD-00421,8368,INR,2026-03-27T04:25:27,2026-04-04,AE,AE,false,5,true,true,5,false,true,1,false,false,false,won
FD-00825,10042,INR,2026-03-02T12:00:13,2026-03-15,US,IN,true,5,false,true,14,false,true,0,true,false,false,lost
FD-00559,3735,INR,2026-04-11T22:06:19,2026-04-16,IN,IN,false,0,true,true,0,true,true,0,true,false,false,lost
FD-01029,5738,INR,2026-05-31T06:47:37,2026-06-19,IN,IN,true,0,false,false,0,true,true,2,true,false,false,lost
FD-00221,4973,INR,2026-05-31T16:40:41,2026-06-15,IN,IN,true,5,true,true,18,false,true,1,false,true,false,not_contested
FD-00217,9841,INR,2026-01-03T07:25:18,2026-02-16,IN,IN,true,0,true,true,0,true,false,2,false,false,false,lost
FD-00741,5349,INR,2026-02-12T18:25:15,2026-03-02,IN,IN,true,4,true,false,11,false,true,4,false,false,false,lost
FD-00824,11138,INR,2026-03-27T09:26:33,2026-04-01,IN,IN,true,3,true,true,6,false,false,5,false,true,false,not_contested
FD-00622,14767,INR,2026-07-30T15:56:26,2026-09-04,IN,IN,true,10,true,true,20,false,true,0,true,false,false,won
FD-00486,9361,INR,2026-07-11T11:59:05,2026-07-27,IN,IN,true,0,true,true,0,true,true,2,true,false,false,won
FD-00231,1893,INR,2026-03-14T17:15:53,2026-03-19,IN,IN,true,9,true,true,15,false,true,2,false,false,false,lost
FD-00587,14192,INR,2026-07-10T23:49:46,2026-07-22,IN,IN,true,0,true,true,1,false,true,1,false,false,false,lost
FD-00305,10660,INR,2026-06-20T19:03:54,2026-06-28,IN,IN,true,3,true,true,17,false,true,5,false,false,false,lost
FD-00585,6530,INR,2026-01-29T16:06:24,2026-02-16,IN,IN,true,6,false,false,13,false,true,0,false,false,false,lost
FD-00103,12004,INR,2026-02-17T07:36:49,2026-04-02,SG,IN,true,5,true,false,10,false,false,5,true,false,false,lost
FD-00683,6955,INR,2026-01-17T11:13:51,2026-02-25,SG,SG,true,0,true,true,3,false,true,5,true,true,false,not_contested
FD-00844,11218,INR,2026-06-14T20:40:06,2026-06-30,SG,SG,true,2,true,true,0,true,true,4,true,false,false,won
FD-00768,953,INR,2026-07-11T03:13:35,2026-08-01,IN,IN,true,0,true,true,0,true,false,2,true,true,false,not_contested
FD-00813,8958,INR,2026-04-09T09:19:05,2026-05-21,IN,IN,true,1,true,true,0,true,true,3,true,false,false,lost
FD-00842,10385,INR,2026-07-16T19:48:19,2026-08-09,IN,IN,true,4,true,true,9,false,false,3,false,false,false,lost
FD-00367,5980,INR,2026-05-18T05:28:55,2026-07-02,IN,IN,false,4,true,false,6,false,true,3,false,false,false,lost
FD-00104,3011,INR,2026-02-06T14:13:59,2026-02-22,AE,AE,false,1,false,true,5,false,false,4,true,false,false,lost
FD-00827,9656,INR,2026-01-20T07:44:21,2026-03-02,IN,IN,true,0,true,true,0,true,false,0,false,false,false,lost
FD-00792,11043,INR,2026-07-30T19:00:20,2026-08-15,IN,IN,true,1,true,true,6,false,true,2,true,false,false,won
FD-01011,7558,INR,2026-07-18T05:49:01,2026-07-31,IN,IN,true,2,false,true,8,false,false,5,false,false,false,lost
FD-00174,13449,INR,2026-04-13T20:21:05,2026-05-01,US,US,true,4,true,true,9,false,true,2,true,false,false,won
FD-00436,7542,INR,2026-04-17T13:27:46,2026-06-01,IN,IN,true,0,false,false,0,true,true,3,false,false,false,lost
FD-00865,5742,INR,2026-07-18T15:10:25,2026-08-16,SG,IN,true,10,true,true,19,false,true,2,false,false,false,lost
FD-00590,8635,INR,2026-04-16T12:45:46,2026-05-09,IN,IN,true,0,true,true,0,true,true,4,true,true,false,not_contested
FD-00815,12933,INR,2026-05-26T06:51:11,2026-07-09,IN,IN,true,7,true,true,11,false,false,5,true,true,false,not_contested
FD-00926,2589,INR,2026-04-12T09:22:36,2026-04-30,IN,IN,true,5,false,true,9,false,true,1,false,false,false,won
FD-00852,14448,INR,2026-04-19T18:51:01,2026-04-27,IN,IN,true,5,true,true,5,false,true,4,true,false,false,won
FD-00295,6306,INR,2026-04-20T15:36:54,2026-05-21,IN,IN,true,2,true,true,0,true,true,2,true,false,false,won
FD-00460,14574,INR,2026-01-08T07:35:14,2026-02-14,IN,IN,false,5,true,false,9,false,false,1,false,false,false,won
FD-00777,1051,INR,2026-04-27T03:41:48,2026-05-01,GB,IN,true,0,true,true,1,false,true,5,true,false,false,won
FD-00198,5335,INR,2026-06-28T13:55:38,2026-07-27,IN,IN,true,2,true,true,0,true,true,0,true,false,false,won
FD-00729,10077,INR,2026-06-05T20:46:20,2026-06-15,IN,IN,false,10,true,true,19,false,true,1,true,false,false,lost
FD-00889,7544,INR,2026-07-07T17:53:45,2026-07-16,IN,IN,true,5,true,false,10,false,true,2,false,false,false,lost
FD-01030,11751,INR,2026-01-03T00:38:29,2026-02-03,IN,IN,true,2,true,false,0,true,true,4,true,false,false,lost
FD-00794,7676,INR,2026-02-24T03:45:06,2026-04-01,IN,IN,false,0,true,true,0,true,true,0,false,false,false,lost
FD-00720,2727,INR,2026-02-22T00:12:10,2026-04-02,IN,IN,true,4,true,true,8,false,false,0,true,true,false,not_contested
FD-00543,10537,INR,2026-06-05T14:26:00,2026-07-09,GB,GB,false,0,true,true,0,true,false,2,false,false,false,lost
FD-00934,1499,INR,2026-02-16T02:39:59,2026-03-08,IN,IN,true,1,true,false,0,true,true,0,false,false,false,lost
FD-00391,10850,INR,2026-01-16T19:43:39,2026-02-10,IN,IN,true,1,true,false,9,false,true,3,true,false,false,lost
FD-00417,5744,INR,2026-04-22T06:08:23,2026-05-12,IN,IN,true,9,true,true,17,false,true,2,true,false,false,won
FD-00826,5788,INR,2026-06-19T21:16:45,2026-06-26,IN,IN,false,3,true,false,5,false,true,5,false,true,false,not_contested
FD-00904,504,INR,2026-05-23T11:35:10,2026-05-26,US,US,false,0,true,true,0,true,true,1,true,false,false,won
FD-00850,14087,INR,2026-04-27T00:18:07,2026-05-01,SG,US,true,5,false,false,11,false,true,4,true,false,false,lost
FD-00896,9480,INR,2026-04-27T22:36:02,2026-05-01,IN,IN,false,10,true,true,18,false,false,0,true,false,false,won
FD-00485,4332,INR,2026-02-06T05:49:35,2026-02-12,IN,IN,true,2,false,true,0,true,true,1,true,false,false,lost
FD-00864,5699,INR,2026-01-17T21:04:08,2026-01-26,IN,IN,true,0,true,true,0,true,true,4,true,false,false,won
FD-00616,14391,INR,2026-03-31T03:17:18,2026-05-01,IN,IN,true,4,true,true,4,false,true,4,true,false,false,won
FD-00018,11079,INR,2026-04-14T13:22:38,2026-05-02,IN,IN,false,10,true,true,16,false,false,0,false,false,false,lost
FD-00119,8958,INR,2026-05-03T23:05:38,2026-05-23,SG,IN,false,0,false,true,5,false,true,2,false,false,false,lost
FD-00378,9633,INR,2026-01-29T23:18:24,2026-02-04,IN,IN,true,0,false,true,0,true,false,0,false,false,false,lost
FD-00185,12208,INR,2026-02-10T07:00:28,2026-02-18,AE,IN,true,3,true,true,14,false,false,4,true,false,false,won
FD-00394,4799,INR,2026-03-07T02:18:58,2026-03-29,SG,SG,true,6,true,true,14,false,true,3,false,false,false,lost
FD-00764,660,INR,2026-07-16T21:39:13,2026-08-13,IN,IN,true,1,false,true,3,false,true,5,true,false,false,lost
FD-00941,1824,INR,2026-05-26T16:16:30,2026-06-30,IN,IN,false,1,true,false,1,false,false,2,true,true,false,not_contested
FD-00886,4503,INR,2026-04-23T20:44:51,2026-05-16,IN,IN,true,8,true,true,20,false,false,2,true,false,false,won
FD-00632,1644,INR,2026-03-16T03:48:27,2026-04-15,IN,IN,true,1,true,true,0,true,true,3,true,true,false,not_contested
FD-00181,12271,INR,2026-02-25T17:23:52,2026-03-15,IN,IN,false,5,false,true,16,false,true,2,false,false,false,lost
FD-01032,2023,INR,2026-02-06T18:24:42,2026-02-12,IN,IN,false,2,true,true,3,false,true,2,true,true,false,not_contested
FD-01079,3435,INR,2026-03-23T07:44:06,2026-04-23,SG,GB,true,7,true,false,12,false,true,4,true,true,false,not_contested
FD-00849,13689,INR,2026-07-14T04:36:07,2026-08-13,SG,SG,true,10,true,false,18,false,false,1,true,false,false,lost
FD-00518,11017,INR,2026-06-16T21:22:49,2026-06-23,IN,IN,false,9,true,true,17,false,true,4,true,false,false,won
FD-00466,11782,INR,2026-06-04T01:02:38,2026-06-30,IN,IN,false,8,true,true,16,false,true,4,true,false,false,won
FD-00192,14007,INR,2026-02-25T01:03:10,2026-03-14,IN,IN,false,8,false,true,18,false,true,2,false,false,false,lost
FD-00264,5005,INR,2026-06-01T03:39:10,2026-07-01,IN,IN,true,0,true,true,0,true,true,2,true,false,false,won
FD-00308,7471,INR,2026-04-22T00:32:54,2026-05-02,IN,IN,false,2,false,false,5,false,false,1,false,false,false,lost
FD-00927,12788,INR,2026-04-08T19:57:02,2026-05-06,IN,IN,true,1,true,false,0,true,true,1,false,false,false,lost
FD-00932,7413,INR,2026-03-13T17:10:49,2026-03-16,IN,IN,true,1,true,true,0,true,false,2,true,false,false,won
FD-00895,12887,INR,2026-07-26T02:36:14,2026-08-18,US,IN,true,3,true,true,14,false,true,1,false,false,false,lost
FD-00490,12587,INR,2026-05-31T00:08:57,2026-07-03,AE,IN,false,0,true,false,0,true,true,4,true,true,false,not_contested
FD-00522,9615,INR,2026-06-19T00:11:33,2026-07-16,IN,IN,false,2,true,false,3,false,true,4,false,true,false,not_contested
FD-00648,10314,INR,2026-03-04T19:19:34,2026-03-08,US,IN,true,0,false,true,0,true,false,4,true,false,false,lost
FD-00537,6234,INR,2026-04-25T01:04:32,2026-05-26,IN,IN,true,10,false,true,17,false,true,1,true,false,false,lost
FD-00472,5807,INR,2026-06-14T23:23:01,2026-07-02,IN,IN,false,0,true,true,0,true,true,1,false,false,false,lost
FD-01180,5525,INR,2026-07-04T10:00:00,2026-07-16,AE,IN,false,3,true,false,5,false,true,0,true,false,true,won
FD-01053,12789,INR,2026-03-04T13:42:41,2026-04-02,US,US,false,0,false,false,1,false,true,4,true,false,false,lost
FD-01045,1396,INR,2026-06-20T02:31:37,2026-07-24,AE,AE,true,4,true,true,13,false,false,3,true,false,false,won
FD-01118,5018,INR,2026-06-22T21:53:08,2026-07-21,IN,IN,false,1,true,true,0,true,true,4,false,false,false,lost
FD-00836,6825,INR,2026-03-14T03:50:36,2026-04-16,IN,IN,true,3,false,true,8,false,true,0,true,false,false,lost
FD-00191,2581,INR,2026-07-21T05:33:16,2026-08-03,SG,SG,false,0,true,true,0,true,true,3,true,false,false,won
FD-00095,8412,INR,2026-03-18T19:41:38,2026-04-24,US,IN,true,2,true,true,0,true,true,1,false,true,false,not_contested
FD-00050,10657,INR,2026-01-02T06:46:32,2026-01-22,IN,IN,true,5,false,true,18,false,true,1,false,false,false,lost
FD-00211,9020,INR,2026-06-09T19:16:25,2026-07-05,IN,IN,true,9,true,true,14,false,false,3,true,false,false,won
FD-00020,7023,INR,2026-05-21T06:31:24,2026-05-29,IN,IN,false,2,true,true,0,true,true,4,false,false,false,lost
FD-00415,6243,INR,2026-04-22T06:57:39,2026-04-28,IN,IN,true,3,true,false,16,false,false,4,true,false,false,lost
FD-00643,1419,INR,2026-03-23T12:32:36,2026-04-06,IN,IN,true,2,true,true,12,false,true,0,false,true,false,not_contested
FD-01139,856,INR,2026-07-27T20:05:53,2026-08-28,SG,IN,true,0,true,true,0,true,true,1,false,false,false,lost
FD-00673,13672,INR,2026-07-28T07:41:25,2026-08-07,IN,IN,true,10,true,true,15,false,true,2,true,false,false,won
FD-00557,12143,INR,2026-02-04T07:17:40,2026-03-03,IN,IN,true,2,true,false,8,false,true,2,false,false,false,lost
FD-00412,1609,INR,2026-06-28T06:19:24,2026-07-12,SG,IN,true,2,true,true,0,true,true,4,true,false,false,won
FD-00306,10510,INR,2026-01-05T02:50:19,2026-02-01,IN,IN,true,2,true,true,0,true,true,4,false,false,false,lost
FD-00728,14065,INR,2026-03-20T21:30:11,2026-04-25,IN,IN,true,0,true,true,0,true,false,3,false,false,false,lost
FD-00893,13610,INR,2026-01-28T23:03:50,2026-02-19,IN,IN,true,8,true,false,17,false,false,1,false,false,false,lost
FD-00638,13373,INR,2026-07-10T06:56:59,2026-08-16,SG,IN,true,0,true,false,0,true,true,2,false,true,false,not_contested
FD-00698,3690,INR,2026-02-04T21:17:54,2026-03-06,SG,SG,true,6,false,true,18,false,false,4,true,true,false,not_contested
FD-01006,2425,INR,2026-04-26T10:29:18,2026-05-10,IN,GB,true,3,true,false,7,false,true,1,false,false,false,lost
FD-01077,11854,INR,2026-01-11T23:26:46,2026-02-23,IN,IN,false,0,true,true,0,true,true,2,true,false,false,won
FD-00859,11518,INR,2026-03-15T18:56:00,2026-04-19,IN,IN,false,10,true,true,20,false,false,3,true,false,false,won
FD-00780,13937,INR,2026-04-24T11:38:00,2026-05-21,US,US,true,8,true,true,16,false,true,5,true,false,false,won
FD-00595,10469,INR,2026-05-20T12:26:31,2026-06-09,IN,IN,true,0,true,false,0,true,true,1,false,false,false,lost
FD-00039,7307,INR,2026-03-11T03:02:11,2026-03-19,US,IN,true,10,false,false,17,false,true,4,true,false,false,lost
FD-00241,1038,INR,2026-07-20T07:04:22,2026-08-02,IN,IN,false,1,true,true,0,true,true,5,true,true,false,not_contested
FD-00816,10302,INR,2026-03-28T06:49:55,2026-04-06,IN,IN,false,1,false,true,3,false,true,0,false,false,false,lost
FD-00829,5247,INR,2026-03-06T05:14:06,2026-03-27,IN,IN,true,6,true,true,11,false,true,2,true,false,false,lost
FD-00651,13189,INR,2026-06-18T12:30:59,2026-06-30,SG,SG,true,1,true,true,4,false,true,4,false,false,false,lost
FD-00093,2483,INR,2026-02-12T10:47:23,2026-02-19,IN,IN,true,10,true,true,19,false,true,1,false,true,false,not_contested
FD-01149,6624,INR,2026-05-13T00:06:14,2026-05-26,IN,IN,true,0,true,true,0,true,false,0,false,false,false,lost
FD-01055,3790,INR,2026-03-30T23:16:31,2026-05-01,IN,IN,true,0,true,true,1,false,true,4,true,true,false,not_contested
FD-01110,2616,INR,2026-04-06T08:01:02,2026-05-12,GB,IN,true,2,true,false,5,false,true,4,false,false,false,lost
FD-00450,5226,INR,2026-03-25T12:03:53,2026-05-05,IN,IN,false,2,true,true,0,true,true,1,false,false,false,lost
FD-00583,13572,INR,2026-07-14T16:53:41,2026-08-09,IN,IN,true,2,true,false,6,false,true,1,false,false,false,lost
FD-00361,13784,INR,2026-02-21T20:33:26,2026-03-26,IN,IN,false,10,true,true,13,false,false,0,false,false,false,lost
FD-00971,9683,INR,2026-03-10T21:48:55,2026-03-28,IN,IN,false,7,true,true,18,false,true,3,false,false,false,lost
FD-00457,13616,INR,2026-07-26T21:53:09,2026-08-31,US,US,true,0,true,true,4,false,true,4,false,false,false,lost
FD-00068,12058,INR,2026-07-16T16:09:19,2026-08-07,IN,IN,true,3,true,true,6,false,false,5,true,false,false,won
FD-00011,5700,INR,2026-06-10T06:29:06,2026-07-07,AE,AE,true,1,true,false,4,false,false,4,false,false,false,lost
FD-00229,6831,INR,2026-01-07T14:01:16,2026-02-11,SG,SG,true,9,true,true,12,false,true,3,true,false,false,won
FD-00292,9250,INR,2026-04-04T16:39:08,2026-04-14,AE,AE,true,4,true,true,7,false,true,4,false,false,false,lost
FD-00046,13278,INR,2026-03-17T10:23:59,2026-03-24,IN,IN,true,7,true,false,11,false,true,3,false,false,false,lost
FD-00232,4826,INR,2026-03-26T07:17:34,2026-04-01,US,IN,true,4,false,true,4,false,true,5,false,false,false,lost
FD-00456,12713,INR,2026-05-08T07:14:52,2026-06-08,AE,AE,true,4,true,true,7,false,true,1,true,false,false,won
FD-00243,1290,INR,2026-01-05T00:48:33,2026-01-29,US,US,true,4,true,true,4,false,false,1,true,true,false,not_contested
FD-00930,12181,INR,2026-07-19T17:52:41,2026-08-08,SG,IN,false,9,true,true,19,false,true,3,false,false,false,lost
FD-00714,1080,INR,2026-03-30T06:32:14,2026-04-20,AE,IN,true,0,true,true,1,false,true,1,false,false,false,lost
FD-00451,12873,INR,2026-05-20T06:26:02,2026-06-22,IN,IN,true,1,true,true,0,true,false,2,true,false,false,won
FD-00283,10082,INR,2026-03-10T14:49:33,2026-04-24,IN,IN,true,10,true,true,19,false,true,0,true,false,false,won
FD-00564,14011,INR,2026-05-15T12:59:08,2026-05-24,IN,IN,true,1,true,true,2,false,false,0,false,false,false,lost
FD-00579,8298,INR,2026-05-23T06:31:53,2026-06-22,IN,IN,true,4,false,true,7,false,true,1,false,false,false,lost
FD-00318,13396,INR,2026-03-24T16:19:39,2026-04-17,SG,IN,true,1,true,true,0,true,false,0,false,false,false,lost
FD-00689,8602,INR,2026-02-01T23:45:57,2026-02-22,IN,IN,true,0,false,true,0,true,true,2,true,false,false,lost
FD-00749,14744,INR,2026-05-25T08:43:04,2026-06-09,IN,IN,true,0,true,true,1,false,true,4,true,false,false,won
FD-01169,3648,INR,2026-05-12T08:40:30,2026-06-03,US,IN,true,8,true,true,18,false,false,1,false,true,false,not_contested
FD-00955,7483,INR,2026-03-09T06:42:45,2026-04-18,GB,GB,true,10,true,true,17,false,true,4,true,false,false,won
FD-01001,3278,INR,2026-05-08T00:19:14,2026-06-06,SG,SG,false,7,false,true,14,false,true,0,true,false,false,lost
FD-01051,5140,INR,2026-02-16T18:56:18,2026-03-02,IN,IN,false,10,true,true,16,false,true,3,true,false,false,lost
FD-00494,9156,INR,2026-02-18T15:45:07,2026-03-07,IN,IN,false,1,true,true,0,true,true,0,true,false,false,won
FD-00832,3628,INR,2026-06-20T03:42:42,2026-07-28,IN,IN,true,9,true,false,11,false,false,3,false,false,false,lost
FD-01178,5175,INR,2026-07-02T10:00:00,2026-07-14,IN,IN,true,3,false,true,5,false,true,0,true,false,true,lost
FD-00680,4381,INR,2026-07-07T10:45:53,2026-08-18,IN,IN,false,3,true,true,9,false,true,1,false,false,false,lost
FD-00137,4965,INR,2026-07-29T12:00:38,2026-08-30,IN,IN,true,7,false,false,12,false,false,0,false,false,false,lost
FD-00772,12091,INR,2026-03-09T05:35:45,2026-03-31,AE,AE,true,2,true,false,1,false,false,2,true,true,false,not_contested
FD-00562,4996,INR,2026-01-14T03:00:14,2026-01-18,IN,IN,false,5,true,true,11,false,true,2,false,false,false,lost
FD-00409,10619,INR,2026-01-17T04:05:23,2026-02-27,IN,IN,true,6,true,true,18,false,true,0,true,true,false,not_contested
FD-01176,8941,INR,2026-07-22T13:47:27,2026-08-01,US,US,true,0,true,false,0,true,true,3,false,false,false,lost
FD-00237,4102,INR,2026-05-14T17:49:20,2026-05-21,SG,SG,true,10,true,true,18,false,true,4,false,false,false,lost
FD-00387,13121,INR,2026-07-30T07:26:28,2026-08-13,AE,AE,true,4,true,true,16,false,false,1,false,false,false,lost
FD-00033,14345,INR,2026-03-11T21:45:06,2026-04-20,IN,IN,true,10,true,true,20,false,true,0,false,false,false,lost
FD-00088,4432,INR,2026-05-23T14:25:48,2026-06-14,IN,IN,true,7,true,true,13,false,false,3,false,false,false,lost
FD-00917,10272,INR,2026-04-10T17:19:18,2026-05-14,GB,IN,true,0,true,true,0,true,true,5,true,false,false,won
FD-00336,10398,INR,2026-02-04T03:34:23,2026-02-19,IN,IN,true,2,false,true,2,false,true,5,true,false,false,lost
FD-00767,4799,INR,2026-01-17T19:04:16,2026-01-25,IN,IN,true,0,true,true,0,true,true,3,true,true,false,not_contested
FD-00122,13369,INR,2026-07-20T00:39:05,2026-08-16,IN,IN,true,2,true,true,2,false,true,4,true,false,false,won
FD-01138,13153,INR,2026-07-16T22:50:36,2026-08-21,IN,IN,true,4,true,true,15,false,false,2,true,false,false,won
FD-00731,8364,INR,2026-06-10T07:27:38,2026-06-25,US,US,true,3,true,true,5,false,false,5,true,false,false,lost
FD-00183,877,INR,2026-05-17T08:05:31,2026-05-27,US,IN,false,2,true,true,0,true,false,5,false,false,false,lost
FD-00799,14822,INR,2026-06-29T23:03:17,2026-07-16,GB,IN,false,3,false,true,5,false,false,2,false,false,false,lost
FD-00615,11593,INR,2026-07-05T10:02:33,2026-07-11,IN,IN,true,10,true,false,16,false,false,1,true,false,false,lost
FD-00125,14346,INR,2026-01-11T20:04:16,2026-02-13,IN,IN,true,0,true,true,0,true,true,5,false,false,false,lost
FD-00804,13575,INR,2026-01-26T22:03:01,2026-01-29,IN,IN,false,1,false,true,1,false,true,5,false,false,false,lost
FD-00851,5806,INR,2026-06-25T07:08:23,2026-07-02,IN,IN,true,1,true,true,0,true,false,1,true,false,false,lost
FD-00608,4557,INR,2026-02-09T01:22:39,2026-02-28,AE,IN,true,7,false,true,10,false,true,4,false,false,false,lost
FD-00390,6401,INR,2026-06-16T23:13:26,2026-07-21,IN,IN,true,7,true,false,20,false,true,5,true,false,false,lost
FD-00290,1855,INR,2026-06-01T17:51:38,2026-06-05,IN,IN,true,7,true,true,20,false,true,4,true,false,false,won
FD-00705,9378,INR,2026-03-11T11:37:27,2026-04-01,IN,IN,true,3,true,true,6,false,true,2,true,false,false,won
FD-00854,4391,INR,2026-02-07T07:31:05,2026-03-06,IN,IN,true,2,true,true,11,false,true,2,true,false,false,won
FD-00203,14582,INR,2026-04-13T07:32:03,2026-05-26,IN,IN,true,1,true,true,0,true,true,4,false,false,false,lost
FD-00396,14726,INR,2026-02-07T13:10:29,2026-02-14,IN,IN,true,2,false,false,7,false,false,0,false,false,false,lost
FD-00282,3323,INR,2026-05-05T09:15:38,2026-06-05,AE,AE,true,1,true,false,0,true,true,4,true,false,false,lost
FD-00154,5043,INR,2026-02-04T00:36:55,2026-03-07,IN,IN,true,7,true,true,14,false,true,5,true,false,false,won
FD-00759,14517,INR,2026-07-04T07:10:42,2026-07-15,IN,IN,true,9,true,true,17,false,true,3,true,false,false,won
FD-01046,5731,INR,2026-04-20T19:30:24,2026-06-04,IN,IN,true,1,true,true,4,false,true,3,true,true,false,not_contested
FD-00763,2069,INR,2026-07-20T08:51:21,2026-08-15,IN,IN,false,10,true,true,19,false,false,2,false,false,false,lost
FD-01047,4136,INR,2026-07-16T01:32:14,2026-08-28,IN,IN,true,4,true,false,15,false,true,2,true,false,false,lost
FD-00980,12394,INR,2026-03-07T19:56:38,2026-04-19,IN,IN,false,10,true,true,14,false,true,4,false,false,false,lost
FD-00973,9131,INR,2026-03-21T07:17:49,2026-04-25,GB,GB,true,10,true,false,19,false,true,5,true,false,false,lost
FD-00258,6546,INR,2026-05-16T15:44:18,2026-06-21,IN,IN,true,2,true,false,0,true,false,2,true,false,false,lost
FD-00820,3516,INR,2026-07-23T15:13:57,2026-08-06,AE,IN,true,0,true,true,0,true,false,0,false,false,false,lost
FD-01143,11882,INR,2026-07-11T22:54:57,2026-08-06,IN,IN,true,0,true,true,0,true,true,4,true,false,false,won
FD-00459,1138,INR,2026-03-17T13:03:25,2026-04-25,IN,IN,false,2,true,true,4,false,false,4,false,false,false,lost
FD-00045,11261,INR,2026-04-09T03:12:12,2026-04-20,IN,IN,true,5,true,true,11,false,true,1,true,false,false,won
FD-00732,802,INR,2026-06-27T21:56:46,2026-07-10,SG,SG,true,0,true,true,3,false,true,3,true,false,false,won
FD-01080,8467,INR,2026-07-03T05:52:51,2026-07-18,IN,IN,false,9,true,true,15,false,true,2,false,false,false,lost
FD-00812,12342,INR,2026-04-13T06:13:04,2026-05-15,IN,IN,true,6,false,false,20,false,true,3,true,false,false,lost
FD-00162,541,INR,2026-03-24T21:01:11,2026-04-01,IN,IN,true,1,false,true,7,false,false,0,false,false,false,lost
FD-00569,13000,INR,2026-07-26T14:59:44,2026-08-10,GB,AE,true,7,true,true,13,false,true,3,true,false,false,won
FD-00837,12616,INR,2026-04-13T02:21:40,2026-04-19,GB,IN,false,4,true,true,9,false,false,2,true,false,false,won
FD-00089,3213,INR,2026-04-07T02:00:36,2026-04-24,IN,IN,true,2,true,true,3,false,true,2,true,false,false,won
FD-00617,6733,INR,2026-01-05T00:19:20,2026-02-13,IN,IN,true,2,true,true,0,true,true,5,true,false,false,won
FD-00184,12612,INR,2026-05-11T14:21:12,2026-05-30,IN,IN,true,0,true,true,0,true,true,5,true,false,false,won
FD-00547,9548,INR,2026-06-07T11:53:10,2026-07-22,US,IN,false,9,false,true,16,false,true,3,false,false,false,lost
FD-00435,6094,INR,2026-06-28T12:59:29,2026-07-13,IN,IN,true,0,false,false,0,true,false,1,false,false,false,won
FD-01002,2071,INR,2026-05-24T19:42:10,2026-06-16,IN,IN,true,7,true,true,12,false,true,0,true,true,false,not_contested
FD-00877,5901,INR,2026-01-21T12:20:15,2026-03-04,IN,IN,true,8,false,true,19,false,true,4,false,false,false,lost
FD-00592,9155,INR,2026-02-10T21:07:54,2026-02-24,IN,IN,false,0,false,true,1,false,false,2,false,false,false,lost
FD-00375,13205,INR,2026-04-21T08:11:12,2026-05-11,SG,SG,true,2,true,true,8,false,true,1,true,false,false,won
FD-00319,12313,INR,2026-02-03T11:18:03,2026-02-16,IN,IN,true,9,true,true,17,false,false,1,false,false,false,lost
FD-00641,9041,INR,2026-03-04T22:25:03,2026-03-17,IN,IN,true,2,true,true,7,false,false,3,false,false,false,lost
FD-00105,7725,INR,2026-02-07T21:12:03,2026-03-01,IN,IN,true,4,true,true,18,false,false,3,false,false,false,lost
FD-00669,4946,INR,2026-06-07T23:01:21,2026-07-10,IN,IN,false,9,true,false,16,false,false,2,true,false,false,lost
FD-00363,14294,INR,2026-01-24T02:43:42,2026-03-10,IN,IN,true,7,true,true,17,false,true,3,false,false,false,lost
FD-00887,12411,INR,2026-06-25T15:16:33,2026-07-01,IN,IN,false,7,true,false,20,false,true,0,false,false,false,lost
FD-00690,7055,INR,2026-02-20T14:23:53,2026-02-24,IN,IN,true,2,true,true,0,true,true,5,true,false,false,lost
FD-00303,6738,INR,2026-01-24T06:36:19,2026-01-28,US,IN,false,6,true,true,15,false,false,2,true,false,false,won
FD-00442,5715,INR,2026-04-23T09:29:24,2026-05-21,IN,IN,true,1,true,true,3,false,true,4,true,false,false,won
FD-00132,7562,INR,2026-05-07T20:09:11,2026-05-30,IN,IN,true,3,true,false,8,false,true,2,true,false,false,lost
FD-00432,13384,INR,2026-01-21T12:43:13,2026-03-01,IN,IN,false,2,true,true,9,false,false,2,true,false,false,won
FD-00561,9158,INR,2026-04-06T05:39:41,2026-04-24,GB,IN,true,6,true,true,9,false,true,2,false,false,false,lost
FD-01097,10903,INR,2026-01-28T04:55:48,2026-02-08,AE,IN,true,3,true,true,15,false,true,0,false,true,false,not_contested
FD-00668,1486,INR,2026-01-24T18:21:44,2026-01-31,GB,GB,true,1,false,true,0,true,true,0,false,false,false,lost
FD-00160,5912,INR,2026-02-13T21:45:10,2026-03-06,IN,IN,true,0,true,true,3,false,true,2,true,false,false,won
FD-00861,1952,INR,2026-05-01T07:13:05,2026-05-18,IN,IN,false,7,false,true,18,false,false,3,false,true,false,not_contested
FD-00411,4907,INR,2026-01-24T18:26:01,2026-03-01,US,IN,true,7,true,true,18,false,false,1,false,true,false,not_contested
FD-00839,2954,INR,2026-07-21T18:02:18,2026-08-30,AE,AE,false,1,true,true,0,true,true,4,true,false,false,won
FD-00871,9389,INR,2026-07-24T08:05:27,2026-08-09,IN,GB,false,2,true,true,0,true,true,5,true,false,false,won
FD-00135,7056,INR,2026-03-24T12:09:01,2026-04-15,IN,IN,true,2,true,true,15,false,true,3,true,false,false,won
FD-00626,653,INR,2026-02-09T02:51:22,2026-03-16,AE,AE,true,6,true,false,11,false,true,4,true,false,false,lost
FD-00982,8110,INR,2026-02-10T13:34:58,2026-02-15,IN,IN,true,0,true,false,0,true,false,5,true,false,false,lost
FD-00330,5226,INR,2026-05-23T17:49:40,2026-07-03,AE,AE,true,8,true,true,20,false,true,3,false,false,false,lost
FD-00578,983,INR,2026-03-24T18:08:22,2026-04-28,GB,IN,true,0,false,true,0,true,true,5,false,true,false,not_contested
FD-00454,2499,INR,2026-01-16T09:34:33,2026-02-21,IN,IN,true,3,false,true,4,false,true,3,true,true,false,not_contested
FD-00487,8470,INR,2026-07-08T08:28:35,2026-07-29,IN,IN,true,7,true,true,15,false,true,4,false,true,false,not_contested
FD-00947,3617,INR,2026-04-16T01:24:44,2026-05-27,AE,AE,true,2,false,false,3,false,true,1,true,false,false,lost
FD-00021,12693,INR,2026-04-08T22:35:13,2026-05-21,US,IN,true,0,true,true,0,true,true,5,false,false,false,lost
FD-01153,8142,INR,2026-01-18T18:40:07,2026-02-18,IN,IN,false,1,false,true,3,false,true,2,true,false,false,lost
FD-01200,9025,INR,2026-07-24T10:00:00,2026-08-05,AE,IN,false,3,true,true,5,true,true,0,false,false,true,lost
FD-00441,13970,INR,2026-07-09T21:18:00,2026-08-18,AE,IN,false,3,true,true,5,false,false,1,true,false,false,won
FD-00549,7787,INR,2026-07-08T11:28:27,2026-07-12,IN,IN,true,9,true,false,13,false,false,2,true,false,false,lost
FD-00523,9415,INR,2026-07-29T09:15:11,2026-08-01,IN,IN,true,0,true,true,0,true,true,4,false,false,false,lost
FD-00158,11999,INR,2026-07-13T02:13:59,2026-08-14,US,IN,true,8,true,true,16,false,false,0,true,false,false,won
FD-00294,3975,INR,2026-03-17T14:40:49,2026-04-06,AE,IN,true,0,true,true,0,true,false,4,false,false,false,lost
FD-00730,2907,INR,2026-03-16T06:09:20,2026-04-20,IN,IN,false,1,true,true,1,false,true,5,false,true,false,not_contested
FD-00370,10768,INR,2026-02-10T16:51:49,2026-03-05,AE,AE,true,0,true,true,4,false,false,2,true,false,false,won
FD-00043,11839,INR,2026-02-16T04:34:42,2026-03-23,IN,IN,false,6,true,true,18,false,false,3,false,false,false,lost
FD-01141,9728,INR,2026-06-06T12:15:13,2026-07-05,IN,IN,true,6,true,true,9,false,true,1,false,false,false,lost
FD-00108,12370,INR,2026-04-02T11:24:38,2026-04-20,IN,IN,false,7,true,true,19,false,false,0,false,false,false,lost
FD-00267,13132,INR,2026-02-14T12:10:24,2026-03-25,IN,IN,true,5,true,true,7,false,true,2,true,false,false,won
FD-00512,12802,INR,2026-06-23T00:10:55,2026-07-28,IN,IN,true,0,true,true,0,true,true,0,false,false,false,lost
FD-00834,6495,INR,2026-06-26T04:53:15,2026-07-16,IN,IN,true,8,true,true,13,false,true,1,false,true,false,not_contested
FD-00885,5824,INR,2026-02-25T08:52:26,2026-03-05,SG,SG,false,10,true,true,16,false,true,0,true,false,false,won
FD-00193,4115,INR,2026-02-15T05:29:19,2026-03-24,US,IN,true,3,true,true,6,false,true,2,false,false,false,won
FD-01043,12518,INR,2026-05-15T13:00:40,2026-06-04,IN,IN,true,3,true,true,3,false,false,4,true,true,false,not_contested
FD-00398,4133,INR,2026-03-26T03:38:53,2026-03-29,IN,IN,false,5,true,false,7,false,true,0,false,false,false,lost
FD-00251,4904,INR,2026-05-13T17:19:25,2026-06-08,IN,IN,false,5,true,true,12,false,true,2,true,true,false,not_contested
FD-01166,2475,INR,2026-04-07T03:41:28,2026-04-12,US,IN,false,2,false,false,0,true,true,5,false,true,false,not_contested
FD-01092,4174,INR,2026-06-30T16:09:10,2026-07-25,GB,IN,true,2,true,false,0,true,true,1,false,false,false,lost
FD-00343,10290,INR,2026-07-27T11:20:44,2026-08-23,SG,SG,true,3,true,true,6,false,true,4,true,false,false,won
FD-00709,3938,INR,2026-01-21T12:19:42,2026-03-07,IN,IN,false,10,true,true,20,false,true,0,true,false,false,won
FD-00718,5284,INR,2026-07-09T09:12:33,2026-08-13,IN,IN,true,0,true,true,0,true,true,5,false,false,false,lost
FD-01177,5000,INR,2026-07-01T10:00:00,2026-07-13,IN,IN,true,3,true,false,5,false,true,0,true,false,true,lost
FD-00395,14063,INR,2026-07-23T17:43:28,2026-08-16,SG,IN,true,7,true,true,13,false,true,3,true,false,false,lost
FD-01073,12482,INR,2026-01-13T16:51:39,2026-01-26,IN,IN,true,2,true,true,6,false,true,0,true,false,false,won
FD-00525,6385,INR,2026-03-04T18:10:42,2026-03-20,IN,IN,true,4,true,true,11,false,true,4,true,false,false,won
FD-00225,3416,INR,2026-01-06T00:24:20,2026-02-18,IN,IN,true,4,true,false,5,false,false,0,true,true,false,not_contested
FD-01014,6221,INR,2026-05-17T05:02:01,2026-06-30,IN,IN,true,2,true,false,0,true,true,3,false,false,false,lost
FD-00997,4364,INR,2026-05-28T01:46:13,2026-06-22,IN,IN,true,2,false,true,7,false,true,1,true,false,false,lost
FD-00359,2516,INR,2026-03-18T03:57:48,2026-03-28,IN,IN,true,1,true,true,2,false,false,4,true,false,false,won
FD-01165,12047,INR,2026-05-29T21:07:09,2026-06-04,GB,IN,true,8,true,false,12,false,false,0,true,false,false,lost
FD-00075,1768,INR,2026-03-14T00:15:35,2026-04-25,IN,IN,false,7,true,false,12,false,true,4,true,true,false,not_contested
FD-00735,6308,INR,2026-01-08T08:46:04,2026-02-16,IN,IN,true,8,false,true,15,false,true,1,false,false,false,lost
FD-00354,4826,INR,2026-02-17T00:47:31,2026-02-24,SG,IN,true,2,false,true,0,true,true,4,false,false,false,lost
FD-01191,13800,INR,2026-07-15T10:00:00,2026-07-27,GB,IN,true,3,true,true,5,false,true,0,true,false,true,won
FD-00783,14696,INR,2026-07-22T01:39:29,2026-09-04,IN,IN,false,2,false,false,4,false,true,5,false,false,false,lost
FD-00868,6195,INR,2026-06-15T10:39:02,2026-06-24,IN,IN,true,2,true,true,0,true,true,1,true,false,false,won
FD-00869,4358,INR,2026-03-13T18:00:53,2026-04-22,IN,IN,true,1,true,true,3,false,true,1,true,false,false,won
FD-00551,12094,INR,2026-02-16T14:38:26,2026-03-25,IN,IN,true,5,true,true,14,false,false,2,false,false,false,lost
FD-00419,2183,INR,2026-02-01T04:19:41,2026-02-14,IN,IN,true,5,true,true,18,false,true,5,true,false,false,won
FD-00462,3552,INR,2026-01-16T19:49:43,2026-01-29,GB,IN,true,8,true,true,10,false,false,3,false,false,false,lost
FD-00041,8942,INR,2026-03-17T13:00:22,2026-04-27,IN,IN,false,2,true,false,0,true,true,1,false,false,false,lost
FD-00478,13489,INR,2026-01-01T11:36:33,2026-02-12,IN,IN,false,2,true,true,0,true,true,5,true,false,false,won
FD-00364,5257,INR,2026-04-13T21:17:39,2026-05-19,IN,IN,true,6,false,true,14,false,true,3,true,false,false,lost
FD-00322,10764,INR,2026-05-14T23:04:59,2026-06-19,IN,IN,true,2,true,false,0,true,true,4,false,false,false,won
FD-00326,12576,INR,2026-06-15T15:08:58,2026-07-07,SG,IN,true,0,true,true,0,true,false,0,true,false,false,lost
FD-00901,13413,INR,2026-06-18T10:24:11,2026-07-01,AE,AE,false,10,false,false,16,false,true,0,true,false,false,lost
FD-00058,3009,INR,2026-05-03T04:17:03,2026-06-08,IN,IN,false,1,true,true,0,true,true,3,true,false,false,won
FD-00368,10504,INR,2026-01-09T00:15:50,2026-02-12,IN,IN,true,0,true,true,0,true,true,5,false,false,false,lost
FD-00540,9981,INR,2026-07-14T05:46:15,2026-07-29,IN,IN,true,3,true,true,5,false,true,2,true,false,false,won
FD-00148,8263,INR,2026-04-15T18:36:16,2026-04-30,IN,IN,true,3,true,false,6,false,true,0,true,false,false,won
FD-00492,5467,INR,2026-01-19T08:14:30,2026-01-24,IN,IN,true,10,true,true,19,false,true,1,true,false,false,won
FD-00833,11792,INR,2026-07-15T17:51:48,2026-07-26,AE,AE,false,10,true,true,20,false,true,5,true,false,false,won
FD-01132,6903,INR,2026-06-01T09:19:33,2026-06-10,IN,IN,true,8,true,true,17,false,false,4,false,false,false,lost
FD-00016,6718,INR,2026-06-30T03:15:42,2026-07-07,IN,IN,false,2,true,true,0,true,true,0,false,true,false,not_contested
FD-00335,7883,INR,2026-07-28T21:01:45,2026-08-27,IN,IN,true,0,true,false,0,true,true,4,true,false,false,lost
FD-00338,6839,INR,2026-05-07T13:56:04,2026-06-04,AE,AE,true,10,true,true,20,false,false,4,true,false,false,won
FD-00953,13805,INR,2026-06-27T04:13:40,2026-07-06,IN,IN,true,2,false,true,0,true,false,4,true,false,false,lost
FD-00481,632,INR,2026-06-20T01:18:08,2026-06-28,IN,IN,true,2,true,true,7,false,true,3,false,true,false,not_contested
FD-00214,11131,INR,2026-01-03T07:27:05,2026-01-26,AE,IN,true,0,true,true,2,false,true,2,true,false,false,won
FD-01164,702,INR,2026-02-17T05:55:53,2026-02-22,GB,IN,true,9,true,true,18,false,true,3,false,false,false,lost
FD-00645,2651,INR,2026-05-22T08:46:26,2026-06-25,US,IN,true,2,true,true,4,false,true,0,false,true,false,not_contested
FD-00489,8594,INR,2026-03-07T17:01:04,2026-03-27,IN,IN,true,1,true,false,2,false,true,4,true,false,false,lost
FD-00100,8109,INR,2026-07-18T08:49:19,2026-08-04,IN,IN,false,4,true,true,10,false,true,0,true,false,false,lost
FD-01187,6750,INR,2026-07-11T10:00:00,2026-07-23,IN,IN,true,3,true,true,5,false,true,4,true,true,true,not_contested
FD-00171,3295,INR,2026-04-16T12:55:13,2026-04-24,AE,IN,false,2,false,true,7,false,false,5,true,true,false,not_contested
FD-00256,12890,INR,2026-02-19T23:33:39,2026-03-02,IN,IN,true,0,true,true,0,true,true,4,true,false,false,won
FD-00302,536,INR,2026-05-31T21:09:35,2026-06-13,IN,IN,false,3,true,true,9,false,true,4,true,false,false,won
FD-01041,3716,INR,2026-06-21T12:30:23,2026-07-14,GB,IN,true,1,true,true,3,false,true,0,true,true,false,not_contested
FD-00928,5767,INR,2026-04-12T22:51:41,2026-05-06,IN,IN,true,3,false,true,8,false,true,2,false,false,false,lost
FD-00023,6052,INR,2026-04-30T21:21:59,2026-05-08,IN,SG,true,0,false,true,2,false,false,5,false,false,false,lost
FD-00580,5714,INR,2026-07-24T02:02:50,2026-09-01,GB,GB,true,7,true,true,17,false,true,1,true,true,false,not_contested
FD-01121,2277,INR,2026-03-13T01:19:16,2026-03-18,IN,IN,true,8,true,true,13,false,true,2,false,false,false,lost
FD-00611,4591,INR,2026-04-16T16:39:59,2026-04-25,GB,IN,true,0,false,true,0,true,true,0,false,false,false,lost
FD-00127,6469,INR,2026-04-29T01:11:39,2026-05-26,IN,IN,false,5,true,true,11,false,true,0,true,false,false,won
FD-00803,1889,INR,2026-01-25T05:07:30,2026-02-23,IN,IN,false,0,true,true,0,true,false,3,true,true,false,not_contested
FD-00373,13653,INR,2026-03-10T16:29:04,2026-03-26,IN,IN,true,1,true,true,0,true,true,2,false,false,false,lost
FD-00558,8124,INR,2026-04-13T02:58:19,2026-05-14,AE,IN,true,2,true,true,2,false,true,3,true,false,false,won
FD-00572,7603,INR,2026-04-02T19:44:23,2026-04-20,IN,IN,true,0,true,true,0,true,true,5,true,false,false,won
FD-00388,1429,INR,2026-07-27T11:06:51,2026-08-23,IN,IN,true,0,true,true,0,true,true,1,true,false,false,won
FD-00138,5331,INR,2026-06-22T02:31:37,2026-06-27,IN,IN,true,7,true,true,20,false,false,0,true,false,false,won
FD-00086,14864,INR,2026-03-21T23:17:42,2026-04-22,IN,IN,true,9,true,true,16,false,true,1,false,false,false,won
FD-00252,7803,INR,2026-05-05T00:41:46,2026-05-15,IN,AE,true,2,true,true,6,false,true,2,true,false,false,won
FD-01174,8611,INR,2026-05-21T23:04:32,2026-06-04,AE,IN,true,0,true,true,0,true,true,1,true,false,false,won
FD-00576,1086,INR,2026-06-21T01:30:57,2026-07-11,IN,IN,true,0,true,true,0,true,true,2,true,false,false,won
FD-00332,931,INR,2026-03-03T03:26:07,2026-04-06,IN,IN,false,0,true,true,0,true,true,4,true,false,false,won
FD-00976,6519,INR,2026-05-27T09:36:58,2026-06-19,IN,IN,true,3,false,true,11,false,true,1,false,false,false,lost
FD-00588,4870,INR,2026-01-20T09:18:49,2026-02-19,IN,IN,false,1,true,true,0,true,true,1,true,false,false,won
FD-00180,5071,INR,2026-01-26T00:56:34,2026-01-29,IN,IN,false,9,true,true,16,false,true,5,false,false,false,lost
FD-00811,10083,INR,2026-06-19T20:59:44,2026-07-06,AE,AE,true,3,false,true,3,false,true,0,false,false,false,lost
FD-00051,11358,INR,2026-04-10T07:49:42,2026-05-24,SG,SG,true,2,true,true,0,true,true,2,true,false,false,won
FD-00738,14092,INR,2026-07-12T23:56:23,2026-08-01,IN,IN,true,8,true,true,12,false,false,4,true,false,false,won
FD-00366,11207,INR,2026-02-01T19:38:19,2026-02-14,IN,IN,true,3,true,true,11,false,false,1,true,false,false,won
FD-00476,14571,INR,2026-04-09T03:15:37,2026-04-13,IN,IN,true,5,true,true,16,false,true,5,true,false,false,won
FD-00762,11011,INR,2026-06-20T07:47:41,2026-07-29,IN,IN,true,2,true,true,3,false,true,4,true,true,false,not_contested
FD-00743,10582,INR,2026-01-06T05:48:52,2026-01-12,IN,IN,true,10,false,false,17,false,true,3,false,false,false,lost
FD-00544,12457,INR,2026-07-14T21:26:50,2026-08-26,IN,IN,true,3,true,true,5,false,false,5,false,false,false,lost
FD-00624,1433,INR,2026-03-25T19:37:34,2026-04-25,SG,SG,true,10,true,true,19,false,true,5,true,true,false,not_contested
FD-00771,3908,INR,2026-03-06T18:21:48,2026-04-01,SG,SG,false,0,false,true,0,true,true,1,false,false,false,lost
FD-00325,5241,INR,2026-07-06T22:55:31,2026-08-16,IN,IN,true,1,false,true,0,true,true,0,true,false,false,lost
FD-01021,7450,INR,2026-07-22T05:09:40,2026-09-02,IN,IN,true,5,true,false,8,false,false,0,false,false,false,lost
FD-01123,2433,INR,2026-05-23T00:01:42,2026-06-22,IN,IN,false,8,true,true,13,false,true,0,true,false,false,won
FD-00736,5880,INR,2026-07-16T18:08:41,2026-07-23,IN,IN,false,2,true,false,0,true,false,2,true,false,false,lost
FD-00538,4893,INR,2026-06-02T05:44:04,2026-06-13,IN,IN,false,2,true,true,0,true,true,1,true,false,false,won
FD-00998,6209,INR,2026-04-18T00:45:01,2026-04-27,IN,IN,true,2,true,true,0,true,true,5,true,false,false,won
FD-00691,10818,INR,2026-07-09T01:12:39,2026-08-09,IN,IN,false,10,true,true,18,false,true,4,true,false,false,won
FD-01010,6497,INR,2026-02-13T00:20:28,2026-03-13,IN,IN,true,0,false,true,0,true,true,2,false,false,false,lost
FD-01175,4423,INR,2026-03-15T21:54:22,2026-04-24,IN,IN,true,8,true,true,9,false,false,3,false,false,false,lost
FD-00056,9260,INR,2026-07-22T00:39:07,2026-09-03,IN,IN,false,1,true,false,0,true,true,3,false,false,false,lost
FD-00309,2043,INR,2026-02-19T18:56:33,2026-02-23,IN,IN,true,0,false,true,0,true,true,5,true,true,false,not_contested
FD-00858,11951,INR,2026-04-03T08:19:17,2026-05-18,AE,IN,false,3,true,true,2,false,true,0,true,true,false,not_contested
FD-00546,10615,INR,2026-05-04T02:19:22,2026-06-17,IN,IN,true,6,false,false,13,false,true,2,false,false,false,lost
FD-00012,1654,INR,2026-04-21T18:13:00,2026-06-05,IN,IN,true,10,true,false,19,false,false,2,true,false,false,lost
FD-00717,10686,INR,2026-01-03T06:59:25,2026-01-16,GB,AE,true,0,true,true,1,false,true,0,false,false,false,lost
FD-00220,3536,INR,2026-01-17T03:44:52,2026-01-22,IN,IN,false,10,true,true,20,false,false,1,true,true,false,not_contested
FD-00972,4244,INR,2026-05-03T09:42:40,2026-06-07,GB,IN,true,2,true,true,11,false,true,5,false,false,false,lost
FD-00556,10861,INR,2026-07-05T18:25:56,2026-08-09,IN,IN,true,1,true,true,3,false,true,0,false,false,false,lost
FD-00623,6069,INR,2026-04-16T12:39:59,2026-05-24,IN,IN,false,4,true,true,8,false,true,4,false,false,false,lost
FD-01142,13994,INR,2026-07-01T01:17:59,2026-08-13,IN,IN,true,1,false,true,0,true,true,4,false,false,false,lost
FD-00656,10618,INR,2026-04-07T08:54:15,2026-05-22,IN,IN,true,2,true,true,0,true,true,2,true,false,false,won
FD-01129,12187,INR,2026-07-22T06:03:34,2026-08-20,IN,IN,false,10,true,false,17,false,false,1,false,false,false,lost
FD-01069,1771,INR,2026-01-04T05:25:58,2026-02-11,IN,IN,true,4,true,true,9,false,true,0,true,true,false,not_contested
FD-01084,4124,INR,2026-07-27T01:25:50,2026-07-30,IN,IN,true,4,true,true,8,false,true,4,true,false,false,lost
FD-00288,5324,INR,2026-07-21T16:33:44,2026-08-23,IN,IN,true,4,true,false,13,false,true,4,true,false,false,lost
FD-00847,8682,INR,2026-04-22T19:22:57,2026-05-31,IN,IN,true,6,true,false,15,false,true,2,false,false,false,lost
FD-00228,9534,INR,2026-02-17T08:55:37,2026-03-29,IN,IN,false,1,true,true,0,true,true,5,true,false,false,won
FD-00635,1958,INR,2026-04-02T19:46:15,2026-04-20,IN,IN,true,0,true,true,0,true,false,0,false,false,false,won
FD-00677,1524,INR,2026-03-05T12:36:48,2026-04-07,GB,IN,false,5,true,true,8,false,false,4,true,false,false,won
FD-01083,12255,INR,2026-01-04T14:42:46,2026-02-04,IN,IN,true,2,true,true,0,true,false,5,false,false,false,lost
FD-01066,6650,INR,2026-05-21T19:03:05,2026-06-04,IN,IN,false,10,true,true,20,false,true,3,true,false,false,won
FD-00541,7351,INR,2026-01-06T02:54:36,2026-01-29,IN,IN,false,2,true,false,0,true,false,3,true,false,false,lost
FD-00410,10496,INR,2026-05-07T07:03:25,2026-05-24,IN,IN,true,7,false,false,10,false,true,0,true,false,false,won
FD-00509,11177,INR,2026-01-02T09:34:27,2026-01-08,GB,AE,true,8,true,true,13,false,false,1,true,false,false,won
FD-00168,2577,INR,2026-01-07T23:35:23,2026-01-11,IN,IN,false,4,true,true,9,false,true,0,false,true,false,not_contested
FD-00618,11614,INR,2026-03-28T21:53:45,2026-05-05,IN,IN,false,7,false,true,15,false,true,3,false,false,false,lost
FD-00224,12239,INR,2026-05-23T19:42:57,2026-07-07,IN,IN,true,10,true,true,19,false,false,5,true,false,false,won
FD-00882,6213,INR,2026-05-24T16:41:47,2026-06-26,GB,IN,true,6,true,true,12,false,true,2,false,false,false,lost
FD-00376,13569,INR,2026-04-19T13:08:48,2026-06-03,IN,IN,true,0,true,true,2,false,true,5,true,false,false,won
FD-00502,2694,INR,2026-04-04T04:48:32,2026-05-19,IN,IN,true,0,true,true,2,false,true,1,false,false,false,lost
FD-00374,13252,INR,2026-04-09T13:45:11,2026-04-17,US,IN,true,0,true,true,0,true,true,0,true,false,false,won
FD-00702,11269,INR,2026-04-01T04:20:14,2026-04-29,AE,AE,false,5,true,true,13,false,true,4,false,false,false,lost
FD-00874,6983,INR,2026-04-18T22:23:27,2026-05-18,SG,SG,true,10,true,false,17,false,true,2,true,false,false,lost
FD-00327,9443,INR,2026-02-20T15:21:56,2026-03-13,IN,IN,true,10,true,false,15,false,false,0,false,false,false,lost
FD-00565,9383,INR,2026-02-14T16:41:42,2026-03-30,IN,IN,true,8,true,true,18,false,true,3,false,false,false,lost
FD-00269,559,INR,2026-05-05T19:51:21,2026-05-23,IN,IN,false,0,true,true,0,true,true,3,false,false,false,lost
FD-01050,2451,INR,2026-04-02T01:29:48,2026-05-03,IN,IN,true,4,true,true,5,false,true,0,true,false,false,won
FD-01035,5806,INR,2026-04-05T02:16:46,2026-04-19,IN,IN,true,2,true,true,5,false,true,4,true,false,false,won
FD-00536,14173,INR,2026-01-30T10:08:18,2026-03-08,IN,IN,true,1,false,true,0,true,false,5,false,false,false,lost
FD-00879,1726,INR,2026-01-13T05:57:37,2026-02-19,GB,IN,true,3,true,false,11,false,false,0,false,false,false,lost
FD-00446,4338,INR,2026-05-11T06:28:27,2026-06-16,IN,IN,true,5,true,false,13,false,false,0,true,false,false,lost
FD-00384,7424,INR,2026-01-26T09:41:09,2026-02-21,AE,IN,true,10,true,false,20,false,true,5,true,false,false,lost
FD-00664,11257,INR,2026-03-12T09:49:57,2026-03-26,AE,IN,false,1,true,true,2,false,false,4,true,false,false,won
FD-01034,4949,INR,2026-02-05T10:19:56,2026-02-15,IN,IN,false,10,true,true,18,false,false,3,true,true,false,not_contested
FD-01037,13866,INR,2026-06-10T23:54:56,2026-07-10,IN,IN,false,3,true,true,3,false,true,0,true,false,false,lost
FD-00535,7224,INR,2026-01-26T03:42:45,2026-02-19,IN,IN,true,4,true,false,6,false,true,4,false,false,false,lost
FD-00346,5456,INR,2026-06-28T06:16:08,2026-08-12,IN,IN,false,8,true,true,17,false,true,0,true,false,false,won
FD-00650,2757,INR,2026-02-23T18:20:27,2026-03-19,IN,IN,false,1,true,true,0,true,true,4,false,true,false,not_contested
FD-00867,9924,INR,2026-06-05T22:22:11,2026-07-15,IN,IN,true,4,true,true,5,false,true,0,false,false,false,lost
FD-00507,11465,INR,2026-07-10T19:30:02,2026-08-03,IN,IN,true,5,true,true,6,false,true,0,false,false,false,lost
FD-00408,11616,INR,2026-07-18T20:50:48,2026-08-02,IN,IN,false,6,true,true,18,false,true,5,false,false,false,lost
FD-00963,8297,INR,2026-06-12T10:02:39,2026-06-25,IN,IN,true,5,true,true,6,false,false,1,true,false,false,won
FD-00473,5165,INR,2026-03-06T04:48:17,2026-03-23,GB,IN,true,8,true,true,10,false,false,3,false,false,false,lost
FD-00707,883,INR,2026-06-28T15:15:46,2026-08-05,IN,IN,true,10,false,false,16,false,false,1,false,false,false,lost
FD-00337,12744,INR,2026-05-30T15:56:15,2026-07-07,IN,IN,true,10,false,true,19,false,true,5,false,false,false,lost
FD-00143,10984,INR,2026-01-19T02:33:47,2026-02-10,IN,IN,true,0,true,true,0,true,true,5,true,false,false,won
FD-00823,8407,INR,2026-02-28T18:59:31,2026-03-05,IN,IN,false,8,false,true,9,false,true,4,true,false,false,lost
FD-00030,10825,INR,2026-02-09T02:42:04,2026-03-16,IN,IN,true,0,true,true,0,true,true,0,true,false,false,lost
FD-00186,11284,INR,2026-05-10T21:18:10,2026-06-07,IN,IN,true,10,true,true,17,false,true,1,true,false,false,won
FD-00594,11107,INR,2026-04-08T05:53:37,2026-05-05,IN,IN,false,5,true,true,15,false,false,2,false,false,false,lost
FD-00126,10406,INR,2026-03-23T19:53:27,2026-03-27,IN,IN,true,8,true,true,13,false,true,4,false,false,false,lost
FD-00317,10283,INR,2026-03-14T19:07:16,2026-03-18,IN,IN,true,8,true,true,13,false,true,3,false,false,false,lost
FD-00610,12291,INR,2026-05-11T03:28:12,2026-06-15,SG,SG,true,2,true,true,3,false,true,5,false,false,false,lost
FD-00053,1621,INR,2026-01-08T20:50:17,2026-01-11,IN,IN,true,9,false,true,12,false,true,1,false,true,false,not_contested
FD-00586,14329,INR,2026-03-02T19:27:53,2026-04-11,IN,IN,true,2,false,true,6,false,true,3,true,true,false,not_contested
FD-01098,11556,INR,2026-07-12T18:14:18,2026-07-19,IN,IN,true,0,true,true,0,true,true,2,true,false,false,won
FD-00213,1821,INR,2026-05-19T04:42:02,2026-07-01,AE,GB,false,6,true,true,19,false,false,5,true,false,false,won
FD-00301,6554,INR,2026-04-27T18:52:40,2026-05-07,US,IN,true,4,true,false,10,false,false,1,true,false,false,lost
FD-01040,14159,INR,2026-05-26T16:39:04,2026-06-19,IN,IN,true,2,false,true,0,true,true,3,true,false,false,lost
FD-00575,4051,INR,2026-04-28T13:42:11,2026-05-19,GB,IN,true,5,false,true,10,false,true,4,true,false,false,lost
FD-00166,4558,INR,2026-03-31T04:24:06,2026-05-15,US,IN,false,1,true,true,0,true,true,5,false,true,false,not_contested
FD-00102,9857,INR,2026-06-18T05:36:42,2026-07-20,IN,IN,true,8,true,true,15,false,false,0,true,false,false,won
FD-00935,14079,INR,2026-01-24T14:24:54,2026-02-01,IN,IN,true,0,true,true,0,true,true,1,true,false,false,won
FD-00985,1375,INR,2026-01-22T07:49:01,2026-02-13,GB,GB,true,1,true,true,9,false,false,4,false,false,false,lost
FD-01096,4320,INR,2026-04-13T18:16:18,2026-05-03,SG,IN,true,4,true,true,6,false,false,4,true,false,false,won
FD-01161,2558,INR,2026-01-18T19:57:14,2026-03-01,IN,IN,true,0,true,true,2,false,true,5,false,true,false,not_contested
FD-00708,6838,INR,2026-05-24T21:51:41,2026-07-04,US,US,true,0,true,true,3,false,false,0,true,false,false,won
FD-01104,10342,INR,2026-06-01T05:11:09,2026-06-14,IN,IN,true,1,true,true,9,false,true,5,false,false,false,lost
FD-00150,2857,INR,2026-01-18T13:19:11,2026-01-28,AE,IN,false,5,false,true,11,false,true,0,false,true,false,not_contested
FD-01065,1194,INR,2026-02-12T10:50:23,2026-03-25,US,GB,true,5,false,true,8,false,false,4,true,false,false,lost
FD-00806,13294,INR,2026-04-01T22:04:17,2026-04-17,US,US,true,6,true,false,8,false,true,5,true,false,false,lost
FD-00974,3300,INR,2026-07-19T09:03:56,2026-08-22,IN,IN,true,1,true,true,0,true,false,0,false,false,false,lost
FD-00960,7447,INR,2026-06-18T06:10:56,2026-07-05,SG,SG,true,7,true,true,15,false,false,1,false,false,false,lost
FD-00279,9824,INR,2026-03-18T21:33:10,2026-04-24,GB,GB,false,8,true,true,17,false,true,2,false,false,false,lost
FD-00666,9400,INR,2026-04-25T11:48:37,2026-05-26,AE,AE,true,6,false,true,8,false,true,1,false,false,false,lost
FD-00491,11610,INR,2026-03-27T03:37:17,2026-05-10,IN,IN,false,0,false,false,3,false,true,1,true,false,false,lost
FD-01173,5281,INR,2026-03-27T22:08:47,2026-04-30,IN,IN,true,7,true,true,17,false,false,4,true,false,false,won
FD-01028,7111,INR,2026-04-20T12:11:40,2026-05-18,IN,IN,true,10,true,true,18,false,true,0,false,false,false,lost
FD-01061,11904,INR,2026-02-09T18:51:12,2026-02-22,IN,AE,true,0,true,true,0,true,true,2,true,false,false,won
FD-00002,6503,INR,2026-02-12T00:36:02,2026-03-25,SG,SG,false,0,true,true,3,false,true,4,true,false,false,won
FD-00916,7630,INR,2026-01-29T10:18:08,2026-02-18,IN,IN,false,3,false,true,7,false,false,4,true,false,false,lost
FD-00754,2955,INR,2026-04-28T17:37:01,2026-05-22,IN,IN,true,2,true,true,0,true,true,0,true,false,false,won
FD-01195,9800,INR,2026-07-19T10:00:00,2026-07-31,IN,IN,true,3,true,true,5,false,true,0,false,false,true,lost
FD-00287,7508,INR,2026-03-18T03:03:16,2026-04-21,IN,IN,true,3,true,true,8,false,true,1,true,false,false,won
FD-00966,4109,INR,2026-01-15T05:07:56,2026-01-30,GB,SG,false,5,true,false,9,false,false,2,false,true,false,not_contested
FD-00593,1691,INR,2026-03-10T06:17:58,2026-03-15,SG,IN,true,2,true,true,0,true,true,0,true,false,false,won
FD-00064,13209,INR,2026-07-11T11:21:27,2026-08-04,IN,IN,false,0,true,true,0,true,true,4,false,true,false,not_contested
FD-00365,3361,INR,2026-07-22T17:42:57,2026-08-23,IN,IN,false,8,false,true,17,false,false,0,true,false,false,lost
FD-00712,12205,INR,2026-06-04T04:18:12,2026-07-11,IN,IN,true,0,true,true,0,true,false,5,true,false,false,won
FD-01033,10814,INR,2026-02-07T05:29:34,2026-02-23,IN,IN,true,5,true,true,12,false,true,5,false,false,false,lost
FD-01198,8675,INR,2026-07-22T10:00:00,2026-08-03,IN,IN,true,3,false,false,5,true,true,0,false,false,true,lost
FD-00734,12887,INR,2026-02-04T08:42:17,2026-03-16,SG,IN,true,9,true,true,19,false,false,5,true,false,false,won
FD-00995,6406,INR,2026-05-27T17:00:04,2026-06-01,IN,IN,false,6,true,true,8,false,true,5,false,false,false,lost
FD-00123,13007,INR,2026-04-23T09:57:33,2026-04-26,AE,IN,true,4,true,true,9,false,true,2,true,false,false,won
FD-00027,4828,INR,2026-01-31T05:10:26,2026-02-10,AE,US,true,1,true,false,0,true,true,1,true,false,false,lost
FD-00524,4740,INR,2026-03-13T01:22:10,2026-04-25,SG,IN,true,10,true,true,16,false,true,1,true,false,false,won
FD-00791,6208,INR,2026-01-10T00:34:40,2026-01-22,IN,IN,false,9,true,true,20,false,false,0,false,false,false,lost
FD-01107,5241,INR,2026-01-26T07:17:24,2026-02-13,IN,IN,true,0,true,false,0,true,false,0,true,false,false,lost
FD-00640,14651,INR,2026-03-31T03:57:13,2026-05-11,IN,IN,true,3,true,true,5,false,true,5,true,false,false,won
FD-00659,5358,INR,2026-04-05T12:30:50,2026-05-13,IN,IN,true,5,true,false,7,false,true,2,true,true,false,not_contested
FD-00092,13797,INR,2026-02-01T00:47:51,2026-03-06,IN,IN,true,0,false,true,0,true,true,0,true,false,false,lost
FD-00603,13771,INR,2026-05-05T17:24:18,2026-05-09,IN,IN,true,0,false,true,0,true,false,1,true,false,false,lost
FD-00334,10018,INR,2026-06-16T18:51:52,2026-07-11,IN,IN,true,6,true,true,13,false,true,4,false,false,false,lost
FD-00437,6501,INR,2026-07-24T01:40:28,2026-08-31,IN,IN,true,1,true,true,0,true,true,4,false,false,false,lost
FD-00918,7721,INR,2026-04-01T01:30:14,2026-04-28,IN,IN,true,0,true,true,1,false,false,0,true,false,false,won
FD-00505,7148,INR,2026-06-24T04:44:54,2026-06-27,IN,IN,true,2,true,false,0,true,true,0,true,false,false,lost
FD-01026,11235,INR,2026-03-16T18:19:26,2026-03-27,IN,IN,true,5,true,false,8,false,false,1,false,false,false,lost
FD-00426,5814,INR,2026-02-01T23:18:36,2026-02-04,IN,IN,true,1,true,true,3,false,true,3,false,false,false,lost
FD-00646,4693,INR,2026-07-18T21:37:01,2026-08-08,IN,IN,true,3,true,true,18,false,true,5,true,false,false,won
FD-00007,11180,INR,2026-03-29T18:48:19,2026-04-04,IN,IN,false,4,true,true,12,false,false,4,true,false,false,won
FD-00210,6121,INR,2026-02-05T07:47:42,2026-03-08,IN,IN,true,7,true,false,11,false,true,3,true,true,false,not_contested
FD-00726,14273,INR,2026-02-09T09:51:26,2026-03-25,IN,IN,true,7,true,true,16,false,false,2,true,false,false,lost
FD-00238,10743,INR,2026-07-18T20:46:20,2026-08-19,GB,GB,false,0,true,true,0,true,true,4,false,false,false,lost
FD-00936,13305,INR,2026-03-28T22:03:02,2026-05-11,US,US,true,3,true,true,4,false,true,1,true,false,false,won
FD-00234,13072,INR,2026-03-01T07:23:13,2026-03-07,SG,IN,true,4,false,true,13,false,true,5,true,false,false,lost
FD-00078,12189,INR,2026-07-06T22:02:25,2026-08-11,GB,GB,false,9,true,true,16,false,true,1,true,true,false,not_contested
FD-00696,6640,INR,2026-06-30T17:46:46,2026-07-09,AE,IN,true,1,true,true,0,true,true,0,true,false,false,won
FD-00299,7095,INR,2026-06-23T02:12:04,2026-07-14,SG,IN,true,1,true,false,0,true,false,2,false,false,false,lost
FD-00207,5948,INR,2026-07-26T23:41:22,2026-08-21,IN,IN,false,5,false,true,8,false,true,2,false,false,false,lost
FD-00079,11623,INR,2026-01-04T09:16:51,2026-02-12,GB,IN,true,0,true,true,0,true,false,5,true,false,false,won
FD-00503,981,INR,2026-03-25T06:39:18,2026-04-25,IN,IN,true,0,true,false,0,true,true,3,true,false,false,lost
FD-00482,5799,INR,2026-07-04T15:23:52,2026-07-10,IN,IN,true,1,true,true,8,false,false,0,true,false,false,won
FD-00776,7049,INR,2026-04-25T00:05:43,2026-05-22,US,IN,true,6,false,true,9,false,false,3,false,true,false,not_contested
FD-00433,14154,INR,2026-02-02T15:31:39,2026-02-12,SG,SG,true,2,true,true,8,false,true,3,true,false,false,won
FD-00009,2849,INR,2026-03-23T18:38:55,2026-04-24,SG,IN,true,4,true,false,6,false,false,3,false,true,false,not_contested
FD-00133,12665,INR,2026-05-16T18:05:48,2026-05-19,IN,IN,true,10,true,true,12,false,true,0,true,false,false,won
FD-00386,646,INR,2026-01-02T21:39:38,2026-02-16,IN,IN,false,2,false,true,0,true,false,4,true,false,false,lost
FD-00822,10747,INR,2026-07-12T12:38:36,2026-07-26,AE,AE,true,4,true,true,6,false,true,1,true,false,false,won
FD-00272,14880,INR,2026-06-04T20:32:05,2026-06-18,SG,SG,false,4,true,false,7,false,true,3,false,false,false,lost
FD-00742,14502,INR,2026-03-04T09:36:14,2026-03-09,IN,IN,true,2,true,true,0,true,true,4,false,false,false,lost
FD-00304,6041,INR,2026-07-16T03:19:32,2026-08-13,IN,IN,true,8,true,true,16,false,true,4,false,false,false,won
FD-00637,10683,INR,2026-07-21T02:29:24,2026-07-25,IN,IN,true,4,true,true,18,false,true,1,false,false,false,lost
FD-01063,11037,INR,2026-03-29T22:37:02,2026-04-17,US,IN,true,9,false,true,15,false,true,1,true,false,false,lost
FD-01003,6657,INR,2026-04-14T12:17:20,2026-05-16,IN,IN,true,0,true,true,0,true,false,5,true,false,false,won
FD-01168,1164,INR,2026-04-23T14:02:24,2026-04-27,IN,IN,false,0,true,false,0,true,true,0,false,false,false,lost
FD-00474,3489,INR,2026-05-01T14:08:00,2026-05-11,IN,IN,true,10,false,true,17,false,true,3,true,false,false,lost
FD-00602,5177,INR,2026-05-03T06:26:17,2026-06-13,AE,IN,true,0,true,false,0,true,true,1,true,false,false,lost
FD-00855,3498,INR,2026-06-18T10:54:24,2026-06-25,IN,IN,true,10,false,true,19,false,true,4,true,true,false,not_contested
FD-00991,5969,INR,2026-07-07T17:53:57,2026-08-17,IN,IN,false,1,true,true,1,false,true,4,true,false,false,won
FD-00905,7132,INR,2026-05-19T06:53:57,2026-06-28,IN,IN,true,8,true,true,12,false,true,4,false,false,false,lost
FD-00063,7246,INR,2026-06-04T07:26:11,2026-07-02,IN,IN,true,7,true,false,17,false,true,3,true,true,false,not_contested
FD-00612,12544,INR,2026-06-12T01:42:08,2026-06-18,US,US,false,7,false,true,20,false,true,3,true,false,false,lost
FD-00034,6885,INR,2026-04-20T22:11:05,2026-05-13,IN,IN,true,5,false,true,12,false,true,1,false,false,false,lost
FD-01127,14090,INR,2026-03-31T07:43:22,2026-04-30,IN,IN,true,10,true,true,18,false,true,5,false,false,false,lost
FD-00024,8312,INR,2026-06-18T18:55:40,2026-07-10,IN,IN,true,2,true,true,0,true,false,3,true,false,false,won
FD-00601,9302,INR,2026-02-11T19:54:43,2026-03-17,IN,IN,true,0,false,false,2,false,true,2,true,false,false,lost
FD-00352,1375,INR,2026-04-29T07:48:41,2026-05-11,IN,IN,true,4,true,false,7,false,true,5,false,true,false,not_contested
FD-00899,9436,INR,2026-07-30T12:25:06,2026-09-13,IN,IN,true,0,true,true,0,true,true,1,false,false,false,lost
FD-01024,1340,INR,2026-07-29T10:42:54,2026-09-03,SG,SG,true,5,false,true,15,false,true,3,false,false,false,lost
FD-00733,3160,INR,2026-01-01T22:19:41,2026-01-28,SG,IN,true,0,true,true,2,false,true,5,false,false,false,lost
FD-00655,674,INR,2026-02-15T23:32:11,2026-02-22,IN,IN,true,3,true,true,10,false,false,4,false,false,false,lost
FD-00628,3622,INR,2026-05-11T02:54:43,2026-06-21,IN,IN,true,4,true,true,5,false,true,2,false,false,false,lost
FD-00716,14723,INR,2026-07-20T20:31:22,2026-07-24,IN,IN,true,1,true,false,3,false,true,4,false,false,false,lost
FD-00463,5468,INR,2026-06-27T04:55:00,2026-07-31,IN,IN,true,0,true,true,0,true,true,0,true,false,false,won
FD-00962,11208,INR,2026-07-16T04:45:10,2026-08-18,IN,IN,true,1,true,true,0,true,true,5,true,false,false,won
FD-00209,11422,INR,2026-03-10T20:52:01,2026-04-05,IN,IN,true,1,true,true,1,false,false,0,false,false,false,won
FD-01100,12388,INR,2026-07-27T10:29:27,2026-08-19,AE,AE,true,0,true,true,0,true,false,3,false,false,false,lost
FD-01188,6925,INR,2026-07-12T10:00:00,2026-07-24,US,IN,false,3,true,true,5,false,true,3,true,false,true,won
FD-00766,6772,INR,2026-05-13T17:44:42,2026-05-25,IN,IN,true,2,true,true,5,false,true,3,true,false,false,won
FD-00531,3467,INR,2026-04-19T13:20:23,2026-05-31,GB,GB,true,10,true,true,17,false,true,1,true,false,false,lost
FD-00711,8320,INR,2026-01-31T09:48:15,2026-03-17,IN,IN,true,10,true,false,17,false,true,4,false,false,false,lost
FD-00467,4626,INR,2026-04-09T04:29:47,2026-05-05,IN,IN,false,4,false,true,18,false,true,4,true,false,false,lost
FD-00921,6791,INR,2026-03-30T09:28:18,2026-05-05,US,US,false,4,true,true,14,false,true,1,false,false,false,lost
FD-00468,3823,INR,2026-02-20T03:39:54,2026-03-15,IN,IN,false,4,true,false,5,false,true,5,false,false,false,lost
FD-00605,9529,INR,2026-04-28T10:03:21,2026-05-01,GB,IN,true,9,true,false,12,false,false,4,false,false,false,lost
FD-01170,7443,INR,2026-02-05T00:23:17,2026-03-08,IN,AE,true,5,true,true,12,false,true,1,false,false,false,lost
FD-00090,14639,INR,2026-05-23T13:40:03,2026-07-07,IN,IN,true,1,true,true,0,true,true,0,true,false,false,won
FD-00573,625,INR,2026-06-22T00:13:54,2026-07-31,IN,IN,true,9,true,false,20,false,true,5,false,false,false,lost
FD-01114,7270,INR,2026-05-09T17:55:48,2026-05-23,IN,IN,true,1,true,true,0,true,true,5,true,false,false,won
FD-00910,1271,INR,2026-06-11T17:05:01,2026-07-20,IN,IN,true,0,true,true,0,true,true,4,false,true,false,not_contested
FD-00195,2039,INR,2026-04-03T02:20:49,2026-04-15,IN,IN,true,1,true,true,0,true,true,2,false,true,false,not_contested
FD-01185,11200,INR,2026-07-09T10:00:00,2026-07-21,IN,IN,true,3,true,true,5,false,true,3,true,false,true,won
FD-00328,521,INR,2026-06-17T04:23:34,2026-07-10,IN,IN,true,10,true,true,16,false,true,1,true,false,false,won
FD-00465,2752,INR,2026-06-24T23:16:14,2026-07-28,IN,IN,true,2,true,false,0,true,false,3,false,true,false,not_contested
FD-00710,10226,INR,2026-07-04T10:22:06,2026-07-15,SG,SG,true,1,true,true,0,true,true,4,true,false,false,won
FD-01018,1593,INR,2026-01-08T20:22:22,2026-02-22,IN,IN,false,0,true,true,4,false,true,2,true,false,false,won
FD-00796,5309,INR,2026-03-18T18:21:52,2026-03-23,AE,AE,true,1,true,true,2,false,false,5,false,false,false,lost
FD-00042,2131,INR,2026-02-27T22:39:48,2026-03-02,IN,IN,false,2,true,true,2,false,false,5,false,false,false,won
FD-00693,4429,INR,2026-02-02T13:34:07,2026-02-05,IN,IN,true,0,true,true,0,true,false,0,false,false,false,lost
FD-00080,9964,INR,2026-02-09T11:02:08,2026-03-22,SG,IN,true,6,true,true,19,false,true,2,false,false,false,lost
FD-00130,5388,INR,2026-03-11T16:49:43,2026-04-25,IN,IN,false,2,true,true,5,false,true,4,true,false,false,won
FD-00821,5153,INR,2026-06-08T10:39:01,2026-07-07,AE,AE,true,1,true,true,0,true,false,1,false,false,false,lost
FD-00681,7648,INR,2026-06-06T13:25:23,2026-07-13,IN,IN,false,6,false,true,14,false,true,4,false,false,false,lost
FD-01144,1368,INR,2026-05-05T16:28:27,2026-05-21,US,US,false,1,true,true,3,false,true,5,true,false,false,won
FD-00248,6507,INR,2026-07-30T08:45:59,2026-08-21,IN,IN,true,2,false,false,0,true,false,0,false,false,false,lost
FD-00670,1612,INR,2026-05-13T06:14:25,2026-06-20,IN,IN,true,1,false,true,0,true,true,1,true,true,false,not_contested
FD-01145,8707,INR,2026-05-02T21:58:52,2026-05-26,IN,IN,false,4,true,true,15,false,true,3,false,false,false,lost
FD-00397,10499,INR,2026-04-20T10:07:55,2026-05-20,IN,IN,false,4,false,true,16,false,true,2,false,false,false,lost
FD-00188,8643,INR,2026-03-18T16:01:34,2026-03-25,GB,GB,true,3,true,true,10,false,true,5,true,false,false,lost
FD-00495,3334,INR,2026-04-23T18:34:01,2026-05-30,IN,IN,true,5,true,true,10,false,true,3,true,false,false,won
FD-00342,10748,INR,2026-01-07T16:40:32,2026-02-03,IN,IN,false,0,true,true,2,false,false,2,true,false,false,won
FD-01056,1223,INR,2026-02-21T20:18:49,2026-04-07,IN,IN,true,6,true,false,9,false,true,5,false,true,false,not_contested
